start	end	text
0	3800	啊文界啊祝你发大财谢谢你啊
4400	7440	文界祝你发大财啊这回晒
7440	8320	为ip了吗
9200	12560	这回是文界祝你发大财啊
12560	15240	我把这个大护腰带上啊
15920	17120	用这腰还是不行
17440	18960	妈的这怎么回事
19960	21000	这想不明白
22240	23520	把这大护腰带上
26960	27600	嘿嘿
28400	30120	哎呀
32960	34560	这这这这老婆给
36360	37680	给新买的啊
37680	38920	哎真暖和
38920	39280	哎
41240	43680	哎我待会从不翻车啊
43680	45480	这个护腰是垫热的啊
46680	49680	这样弄上跟那个古代那个将军一样啊
49680	50480	带大护腰
51920	53400	哎这回是为ip了啊
54040	55320	哎好嘞
55320	57400	我先我先迟到往
57400	59840	哎妈的刚才给弄错了啊
60640	61560	嗯好了
61560	64120	嗯王叔的腰好点了吗
64120	66360	哎拍这个谢谢你啊
66360	67560	谢谢你关心王叔腰
68560	69560	也不说坏
69560	70520	他也不说好
70520	71800	他就在那卡在那
71800	73480	这就是什么这个饼火
73480	74120	太重了
74680	76400	我这一幕有点伤不起
76400	78440	我赶紧在温华躲着吧
78440	80560	啊我这个在温华躲着
80560	82200	我还能缓一缓
82200	83960	这就是水大水气重
84600	85800	潮润
86360	87720	那我要去la的话
87720	88920	我估计会加重的
88920	89320	嗯
90120	91000	嗯
92280	93400	不能下按摩啊
93400	94800	这个不行啊
94800	96000	断仪师勾引我
96000	96960	让我去找的是按摩
96960	97400	我不去
97880	99320	我不是不信任他
99320	101160	我不是不信任他的一术啊
101160	103000	我是我是不敢下按
103400	105520	因为这个腰追啊受伤的
105520	108120	颈椎受伤的都是按摩给按坏了
109320	110600	哎呀好哎
111920	113240	今天咱们抓紧时间啊
113320	115440	已经17点59了啊
115440	116440	8点开始啊
116440	117440	因为今天过年
117760	119320	有好多人约了我啊
119320	121200	要跟我视频拜年啊
121200	121560	行吗
121560	122960	那我就呃
122960	124400	争取在一个半小时之内
124400	125520	咱们结束结束啊
125520	127600	今天这一期是一个干的流油的
127600	128800	干的冒烟的期
132160	133640	老王带货从不翻车
133640	134360	cosco的
135480	136680	椰子汁啊
136680	137480	椰子水
137480	138520	coconut water
138520	139600	非常好
139600	141160	补假的啊
141200	143640	就是他把你这个假颜给你补足了以后
143640	146160	你的高血压纳颜就会代谢出去
148160	149640	我一哥们也腰突了
149640	151040	就是饼五年换大运的时候
151040	151480	没错
151480	153080	就是这就这几天啊
153080	154720	所以一定要护好腰啊
155240	157360	腰气不能软啊
157360	158840	所以我就非常的
159480	161640	就是就是就是休息
161640	162440	就躺着
162840	163800	别啪啪啪了
163800	165080	别干大活了啊
165080	165800	重活啊
165800	166760	体力活啊
166760	167400	搬砖啊
167400	168160	搬女人啊
168160	168920	都不行啊
169280	171680	所以这个就没办法
171680	172400	上帝呢
172400	174000	就是有这么规律
174000	174600	好了
174600	175600	也话不多说
175600	176280	进入正题
176280	177080	不会人的啊
177080	177680	差不多了
179000	180080	二十一先放一放
180080	180920	没办法
180920	182120	钱挣不来啊
182120	183320	所以跟大家分享了吧
183960	184480	哎呀
184480	185600	真是没包没招啊
185600	186800	今天俩事啊
186800	188160	今天跟大家不废话
188160	189040	俩事儿
189040	189880	第一个事呢
189880	190720	白送的啊
190720	192200	白送大家无犯罪证明
192200	193120	怎么弄啊
193120	195840	那因为我我知道各位都不是好人啊
195840	196880	我们在中国啊
196880	197720	经商也好
197720	199120	从政也好啊
199120	200520	不犯罪的可能性呢
200520	201520	也不大啊
201520	203040	就是好多都被
203040	204960	尤其是最近这几年疫情之后
204960	206600	好多人都被弄弄弄弄
206600	208200	犯罪证明里边去了
208200	209240	犯罪了
209240	209760	然后呢
209760	211000	就很多人咨询
211000	211640	是怎么办的
211640	212280	犯了罪
212280	214520	难道以后就与移民无关了吗
214520	215520	不是的啊
215520	216720	不是的
216720	217560	所以呢
217560	219080	今天先跟大家讲讲
219080	220720	就是有了犯罪证明
220720	223000	有了犯罪记录之后啊
223000	224800	怎么去实现移民啊
224800	225960	这是第一个事儿啊
225960	227240	第二个事儿呢
227960	228600	这个事儿呢
228600	229760	就是
229760	230200	第二
230200	231760	这个这个信息提供者
231760	234040	就是我的一个中式教友
234040	235520	他指名要在百道会讲
235520	236840	他不让在公共频道讲
236840	238440	那我们就在百道会上见
238440	238960	第二个呢
238960	240440	就是美国
240440	242280	就今天的ENBA大课啊
242280	243560	这今天第二节课呢
243560	246600	主要是给总裁班
246600	248720	董事长班上啊
248720	249840	就是你评
249840	250320	别的人
250320	251280	就当学生
251280	252960	听个热闹吧
252960	253760	非常之深
253760	254760	非常之干
254760	255680	干能能呃
255680	256800	蹭出烟来啊
256800	257920	就是干到就是我
257920	260320	我我已经准备了这么多的指
260320	260880	指稿
260880	261800	我从来不准备指稿
261800	262560	大家知道
262560	264360	但是这个不准备指稿不行了啊
264360	265880	今天啊
265880	266640	话不多说
266640	267920	进入正题
267920	269480	第一个无犯罪证明的事儿啊
271920	272760	免不了的
274280	275120	王叔请问
275120	276120	李强马上上来
276120	277200	经济会好起来吗
277200	277840	你回来吗
277840	278600	不会
278600	279440	不会啊
279440	280840	很难啊
280840	281200	好
283760	284280	开始
285280	287360	无犯罪证明的问题啊
287360	288520	老王大哥您好
288520	289920	他今天非常激动啊
289920	292560	今天去医院书业得了急性未言啊
292560	294800	看到您今天直播说
294800	296320	明天百刀会要讲
296320	298160	有犯罪记录如何认加拿大
298160	300080	我就知道您看了我的信
300080	300640	书完页
300640	301560	我赶快回来
301560	302680	他又写了一封啊
302680	304520	我就把这块的内容再补充一下
304520	305880	力求更清晰
305880	306840	更系统
306840	309080	便于你讲给需要的教友啊
309080	310280	谢谢你啊
310280	312520	我现在不吝分享给大家
312520	313560	首先
313560	315560	我从来没有看到过这样的信息啊
315560	317400	所以这个信息非常值钱
317400	318520	从来没有啊
318520	321840	这首先你在国内有过犯罪记录
321840	324760	并不代表开不出无犯罪记录证明
326400	328480	可以要求派出所开剧
328480	331560	阶段性的无犯罪记录证明
331560	332360	换种方式说
332360	334120	就是你去派出所
334120	337160	你开不出终生的无犯罪记录证明
337160	341320	但你可以开审判前和服刑后
341320	343280	这两个期间的
343280	345320	阶段性的无犯罪记录证明
345320	346640	举例
346640	350640	例如张三出生于1981年1月1日
350640	353560	在2012年2月2日被判刑了一年
353560	356880	于2013年3月3日行满释放
356880	359200	则可以要求派出所开剧
359200	361880	两份无犯罪记录证明分别是
361880	363240	1 张三
363240	368000	1981年1月1日至2012年2月2日期间
368000	369880	无犯罪记录证明
369880	371400	第二张就是张三
371400	374640	2013年3月3日至今天
374640	377520	2026年2月12日之间
377520	379440	无犯罪记录证明
379440	382000	上面的这两份无犯罪记录证明
382000	383960	阶段性的深情
383960	386200	是你修复犯罪记录
386200	389400	英语叫Rehabilitation
389400	390640	这个词是关键字
390640	392400	大家一定要拿笔那本记好
392400	394000	Reh叫二亿
394000	395240	再次的意思
395240	396280	habilitation就是
396280	401480	H-A-B-I-L-I-T-A-T-I-O-N
401480	404640	这是修改无犯罪证明的关键字
404640	409360	Rehabilitation是必须要提供的
409360	411280	这种阶段性的无犯罪证明
411280	412200	不是开玩笑的
412200	413560	是必须要提供的
413560	414760	加拿大要的
414760	416560	千万不要心存侥幸
416560	419840	认为加拿大移民局查不到
419840	421960	你在国内有过犯罪记录
421960	423560	你就自己做一份假的
423560	425240	无犯罪记录证明
425240	428000	因为在国内的裁判文书官方网站上
428000	430800	只要输入你的名字和身份证号码
430800	433800	你所有的犯的罪就一清二楚了
433800	435960	我们老百姓能知道这个
435960	437840	加拿大的专业移民部
437840	439080	他也会知道的
439080	441360	所以千万不要自作聪明
441360	442160	同意道理
442160	444280	美国、澳洲、日本都能查
444280	445720	人家都是能查到的
445720	447840	就是中国文书裁判官网
447840	451920	就是文书.caut.gov.cn
451920	453640	中国政府法院的官网
453640	455320	你有没有犯罪记录
455320	457400	输入你的名字和身份证号码
457400	458760	一目了然
458760	459560	你瞒不住
459560	460440	瞒不住的
460440	462600	所以其次
462600	465800	再向加拿大移民部申请
465800	468520	修复犯罪记录时
468520	472440	首先要明确你的犯罪行为
472440	474880	在加拿大属于什么情况
474880	476760	在加拿大属于严重犯罪
476760	480360	叫serious criminal guilty
480360	481520	就是严重犯罪
481520	482560	重刑犯的
482560	484280	或者属于一般犯罪的
484280	485440	就是清刑犯的
485440	488880	criminality
488880	490720	就是普通的一般的犯罪
490720	492600	前面加个serious
492600	494440	就是重刑犯
494440	496000	两者的区别有什么
496000	496880	区别在于
496880	499240	1.你的犯罪行为
499240	501160	如果发生在加拿大
501160	502600	根据加拿大司法
502600	504400	你可被判处最高刑罚
504400	506160	至少10年的
506160	507600	或10年以上的
507600	508560	有期徒刑的
508560	510880	就属于serious
510880	513040	严重犯罪
513040	515600	如果你的犯罪行为发生在加拿大
515600	517520	根据加拿大的刑事法律
517520	520800	你的判刑在10年以下的
520800	523120	属于一般犯罪
523120	526680	你就按着这个东西来衡量自己的犯罪行为
526680	528840	如果你的犯罪行为属于一般犯罪
528840	530160	就10年以下的
530160	533360	那么你服刑满5年以后
533360	534400	你就可以
534400	535400	你在中国服刑
535400	537960	我们说的情况都是在中国犯罪了
537960	539680	那你说跟加拿大什么关系
539720	541600	那就是因为你中国这个犯罪
541600	542800	这个状态
542800	544600	你这个犯罪项目
544600	545360	比如说你什么
545360	546000	杀人了
546000	546720	强奸了
546720	548600	抢劫了
548600	549920	你这个东西
549920	552440	你在加拿大也有类似的情况
552440	553840	你跟加拿大那个刑法上
553840	554840	你对起
554840	555480	你这个东西
555480	556480	你在中国判了一年
556480	557840	在加拿大判几年
557840	558880	也是一年的话
558880	560360	那就属于一般犯罪
560360	562000	那么你如果属于一般犯罪
562000	564280	你在中国服刑满5年以后
564280	566720	你可以申请在加拿大这边修复
566720	569040	你的犯罪记录
569080	570840	刑满10年以后
570840	572120	刑满10年以后
572120	573800	自动视为已修复
573800	575160	因为你是清罪
575160	576920	所以一共上线判10年
576920	579280	如果你在中国已经服刑释放了
579280	580240	10年以上了
580240	581440	你就自动修复了
581440	582840	你不用担心了
582840	584920	但是你在申请加拿大签证
584920	586160	办移民的时候
586160	588920	你仍需说明有自己这回事
588920	590920	不能说没有
590920	591480	那么
591480	592520	但是你要著名
592520	594080	已是个清罪
594080	595880	而且已刑满10年
595880	598160	你要提供相应的证明
598160	600880	如果你的犯罪行为属于重刑犯
600880	602400	那就10年以上的
602400	604160	那你服刑满5年以后
604160	606880	你也可以申请修复犯罪记录
606880	609480	永远不能享受类似10年以后
609480	612000	自动已修复的这种待遇
612000	614160	即使你服刑满20年以后
614160	616800	你也要申请修复犯罪记录
616800	618400	再次
618400	618880	第三
618880	621680	你要获批修复犯罪记录
621680	623160	就Rehabilitation
623160	624520	你要获批的话
624520	627360	那么提交材料的一个核心原则
627360	631400	就是要让移民官判定你
631400	634720	服刑后的生活工作和婚姻各方面
634720	636640	都属于很稳定状态
636640	638720	你属于对社会有用的人
639960	640400	则
642080	643480	第一
643480	646600	你的工作尽量是一个长期稳定的工作
646600	648160	就是你出狱以后
648160	649560	你的工作证明
649560	651320	长期稳定
651320	653880	那么类似于的什么兼职工作
653880	656880	或者频繁更换的这种工作
656880	660240	或者无业游民对你是不利的
660240	662160	如果有雇主的推荐信
662160	663720	你老板的推荐信
663720	665920	或者类似大公司大厂
665920	668720	给你办发的优秀员工的荣誉证书
668720	670920	是绝壁的加分项
670920	672400	这是第一条
672400	673040	第二
673040	674240	你的居住地址
674240	676080	尽可能是长期的
676080	677440	固定的地址
677440	679880	不要是换来换去的租房子
679880	682600	最好是住在自己买的房子
682600	685200	有产权证的房产证的房子里
685360	687440	证明你具有定所
687440	689040	其次
689040	689800	退而求其次
689800	691800	你住在一个租房子里
691800	692880	租房的合同里
692880	696160	但是你最好不要频繁的更换你的租住地
697360	700120	否则你会给法官和移民官一种
700120	703200	你在东躲西藏的这样的一个不良的联想
703200	704240	这个可以理解吧
704240	705280	中国加拿大
705280	706880	美国这都一样的
706880	707600	第三
707600	709200	希望你的婚姻稳定
709200	711880	婚姻是决定一个人
711880	714440	社会属性的一个最重要的标准
714480	715680	婚姻和孩子
715680	717720	是西方文明的重要标准
717720	721640	这个这一点比中国要保守得多
721640	722840	所以呢
722840	725840	一个婚姻和合媒稳定的人
725840	727960	是给人以社会约束力
727960	729440	自空力很强
729440	730920	这样的社会印象的
730920	732120	如果你有孩子
732120	735040	那你也且能提供类似孩子学校
735040	737640	授予的类似优秀家长
737640	739840	或者孩子学校
739840	741720	孩子老师给你写的证明
741720	742880	这个爸爸特别
742880	744120	妈妈或特别负责任
744120	745760	那这样的背书更好
747200	747760	四
747760	750600	你要有健康积极的兴趣爱好
750600	752280	类似于摄影
752280	753320	游泳
753320	754640	长跑
754640	757000	最好还这里边有点什么小成绩
757000	758880	你能够提供相应的证明
758880	761280	说明你的多余的社会经历
761280	762480	多余的经历
762480	764360	有释放的渠道
764360	766360	正常的兴趣爱好渠道里
766360	767520	而不是业余时间
767520	769280	你都蹲在小黑屋里
769280	771280	实施研究如何进行
771280	773120	下一次新的犯罪
773120	773720	第五
773720	775280	你要多做公益事业
775280	776640	捐助失学儿童
776640	778120	积极献血
778120	779800	或者去当志愿者
779800	781560	提供相应的证明
781560	783400	如果有建议勇为的行为
783400	784240	更好了
784240	786160	就可以树立一个良好
786160	788680	且富有正义感的公民形象
788680	789600	第六
789600	791000	如果你服刑结束后
791000	793160	一直有缴纳个人所得税
793160	795920	你要去所在的税务所打印出来
795920	798040	把你的个人所得税交税记录
798040	800800	提供给加拿大或美国的移民法官
800800	801560	移民官
802960	803600	七
803600	805160	服刑结束后
805840	809360	地方司法所为了避免二次犯罪
809360	814320	往往会提供帮扶和定期心理辅导做课程
814320	815840	这些你都要去参加
815840	817360	这是中国政府提供的
817360	818400	这是一个好事
818400	819840	进步文明的
819840	821480	中国政府也不是一无是处
821480	822880	他也提供这些文明的东西
822880	823680	他也想学好
823680	824960	那你要参加
824960	828600	你千万不理会司法所的这种好意
828600	830400	如果能提供积极配合
830400	832440	司法所工作的材料证明
832440	833880	这是加分项
833880	835760	上面所有提供的材料
835760	838840	证明和文件都需要翻译成英文
838840	842800	可以去所在地公证处进行翻译加公证
842800	846920	也可以直接联系加拿大有资质的翻译公司
846920	849000	翻译员进行翻译
849000	850240	以我的个人经验
850240	854600	请加拿大翻译员翻译费用比公证处省至少一半
854600	856240	而且效率是一样
856240	857760	不一定有费的公证
857760	860840	你就请加拿大本地的有翻译资格的人翻译
860840	862200	加拿大人都认
862200	865160	最后谈谈费用
865160	866080	我这次
866080	870320	他因为我们这个我们这个可爱的这个教友啊
870320	871280	他就有犯罪
871280	872120	他干什么了呢
872120	873880	他买了个气气儿枪
873880	875320	打二氧化碳的
875320	876680	那是个军武爱好者
876680	881400	就是小军民男性买了个军民买了一个那个气儿枪
881400	883320	就打BB弹的买了个BB枪
884320	885400	被举报了
885400	887800	给警察给他抓走了
887800	891240	然后以他持有什么管制枪泄罪
891240	893560	判了他半年还是一年
893560	895800	他真的是服刑了一年
895800	898360	因为为什么买了个BB枪
898360	899320	所以呢
899320	901360	他因为他要移民加拿大
901360	903320	所以他就服刑一年之后
904560	905720	他就出狱了之后
905720	907640	他就正在做这个事
907640	909520	就叫rehabitation
909520	913120	就是无犯罪记录修正证明
913280	914480	就是因为他已经有了
914480	915480	所以他修正证明
915480	918120	最后谈一下这个费用
918120	919520	我想这是大家最关心
919520	921200	并且你一会绕不开的一点
921200	922960	说一下我的坎坷经历吧
922960	923960	他掉坑里了
923960	928080	第一次我找了一个收费4000加币的律师
928080	930120	当时跟他说好的4000全包
930120	933200	货批就货批不了
933200	934800	就帮着上庭
934800	936160	事实证明是个骗子
936160	938640	收了钱以后失联了
938640	939880	人找不着了
939880	940480	资料都不要
940480	941840	那是个纯骗子
941840	942520	不是律师
942560	944640	我找的第二名律师
944640	946360	业务能力欠家
946360	949560	让我提交身边至少10个人的推荐信
949560	951040	但一点用都没有
951040	953680	因为这所谓的10个人的推荐信
953680	956320	只能证明你的人员好
956320	958520	对于这个rehabitation
958520	960120	无任何实质性的作用
961120	962200	因为他走过来的人
962200	963400	他已经弄完了这个事了
964600	966600	所以我最终选择了一位
966600	969240	在大学交移民法的律师
969240	969920	哎这靠谱
969920	971120	大学老师
971200	973040	很多有license的移民律师
973040	974480	都是他的学生
974480	975520	我想在这方面
975520	976880	他应该是顶级水准
976880	978440	收费是1万家园
979640	981000	我的案子相对简单
981000	982120	因为他就买了个BB枪
982640	984960	所以就是1万家园
984960	986840	修复犯罪记录申请
986840	988120	半年后获批
988120	989800	恭喜他就获批了
989800	992600	大家在小红书等社交媒体上搜索
992600	993920	加拿大移民律师
993920	995600	应该能找到很多律师
995600	1000120	而且能翻墙接受老王大哥的预音放送
1000160	1002400	相信大家能力也都不差
1002400	1004560	尤其是百道会的能力都不差
1004560	1006840	因为找律师问问问题
1006840	1008160	都是要收费的
1008160	1009720	基本上都是半个小时
1009720	1010560	200家园
1010560	1011480	因为一般的问题
1011480	1012440	半个小时解决了
1012440	1013960	就是一次200家园
1015280	1016800	如果不不确定的问题
1016800	1018160	可以给我发邮件
1018160	1019800	我每周可以抽一天时间
1019800	1021480	帮教友解答问题
1021480	1023880	祝大家都能顺利的通过
1023880	1025480	rehabillation
1025480	1027120	这等于是我带个货吧
1027120	1029280	因为有这个需求的教友
1029280	1030440	恐怕不多
1030440	1032160	因为有犯罪记录
1032160	1033200	然后再办移民
1033200	1035080	这个可能性不大
1035080	1037240	但是真需要你还真卡到这
1037240	1038240	千万别做假
1038240	1039440	千万别做假
1039440	1041600	因为你的姓名和身份证号
1041600	1042960	你是做不了假的
1042960	1043960	加拿大移民部
1043960	1046040	只要在中国法官的官网上
1046040	1047080	一查我请你
1047080	1049360	撒谎这一下就完了
1049360	1051480	所以他的email地址
1051480	1052760	感兴趣的可以找他
1052760	1056040	叫山西
1056040	1058000	或者陕西的汉语评
1058000	1061080	globeglobe
1061080	1062320	山西
1062320	1064440	shanxi
1064440	1067840	globeglobe
1067840	1069600	atoutlook.com
1069600	1071440	outlook.com的email
1071440	1074440	有事找他
1074440	1075920	我希望有这种
1075920	1076760	造了这种男的
1076760	1077840	大家都能通过
1077840	1079000	这他妈咪的要
1079000	1080760	要是因为买了个BB枪
1080760	1082040	被判了一年
1082040	1083360	倒霉透了
1083360	1084000	好了
1084000	1085480	祝老王幸成快乐
1085480	1086560	祝大家幸成快乐
1086560	1087960	祝JK0188
1087960	1088680	新春快乐
1088680	1089440	穆尔本
1089440	1090360	新春快乐
1090360	1091080	新春快乐
1091080	1092560	发大财
1092560	1093720	祝Cylin
1093720	1094320	Snell
1094320	1096440	新春快乐
1096440	1097440	发大财
1097440	1098240	新春快乐
1098240	1099560	祝大冰桂锅
1099560	1101000	锅的冰桂
1101000	1102280	新春快乐
1102280	1103280	发大财
1103280	1104520	好了
1104520	1106080	加拿大买枪也不行了
1106080	1106840	一派胡言
1106840	1108040	加拿大还是可以的
1108040	1109280	就是考强证了
1109280	1109680	可以考
1109680	1111840	可以买枪
1111840	1113840	对
1113840	1116080	这个大第二海总结的都挺好
1116760	1119680	你的律师会告诉你要准备什么东西
1119680	1122200	而且你要真需要干这个事的话
1122200	1122920	大第二海
1122920	1124080	你有犯罪记录
1124080	1125160	你要真干这个事
1125160	1127080	你就直接给这个哥们写信就行
1127080	1128280	他是过来人
1128280	1130600	因为他刚刚干完这事
1130600	1130880	好了
1132400	1133160	亲爱的教主
1133160	1134400	如果有件没有回复
1134400	1136520	需要多发几次吗
1136520	1137760	是需要
1137760	1139400	不需要有
1139400	1141360	我没有固定看用件的时间
1141360	1142840	你这个是建议提的好
1142840	1146320	以后我就每天的上午9点到11点
1146320	1147560	看看邮件
1147560	1148320	看两小时
1148320	1148920	好了
1150240	1151160	搬手咋了
1151160	1152200	教主好
1152200	1152800	我也不知道
1152800	1153480	这不是我的事
1153480	1154800	这是油管的事
1154800	1155440	油管
1155440	1157000	每一事就乱击霸升级
1157000	1157560	有的时候
1157560	1160280	他他还往他们的下边升
1160280	1161920	因为他把搬手都改成盾牌了
1161920	1162920	我完全不知道为什么
1162920	1163640	好了
1163640	1164640	言归正传
1164640	1166240	18点14分
1166240	1168800	美国今天的主题主讲
1168800	1170520	美国对于红色供应链
1170520	1171800	就是中国供应链
1171800	1173960	防堵政策法律风险
1173960	1176880	和案例的深度分析报告
1176880	1178280	我给大家做一次报告
1179560	1180960	那么这个报告的目的
1180960	1183360	就是让大家了解美国这个国家
1183360	1184680	制定经济政策
1184680	1187280	它的特色与中国的不同
1187280	1189280	和它的执行的特色
1189280	1191240	并且研究一下
1191240	1193680	我们中国以前发生的
1193680	1195640	在红色供应链问题上
1195640	1199640	调链子倒霉的这些企业案例
1199640	1201200	一一跟大家分析
1201200	1203160	因为美国是一个案例法的国家
1203160	1204080	出了问题之后
1204080	1206160	他一旦这个事成了案例
1206160	1207560	大家都按着这个东西来做
1207560	1209040	这就是海洋法系
1209040	1210800	而且它是个民主国家
1210800	1212320	他立法有总统
1212320	1213360	有各部
1213360	1215520	也有国会
1215520	1216560	那么他立法之后
1216560	1220000	怎么实施到社会生活中去
1220000	1222520	怎么让他的政府部门去实施
1222520	1223800	这个跟中国一样
1223800	1225440	他有一个落地的过程
1225440	1226080	政策出来
1226080	1227440	中央政策出来之后
1227440	1228720	有个逐步落地的过程
1228720	1230120	与中国不同的事
1230200	1231400	我们的中央政策出来之后
1231400	1232480	落地就落地了
1232480	1233600	他落地完了之后
1233600	1235320	还有反弹的过程
1235320	1236800	什么反弹的过程呢
1236800	1238480	就是被处理的企业
1238480	1239880	是可以申诉的
1239880	1242040	可以通过国会议员游说
1242040	1245440	而处理他的这些部门和反对党
1245440	1246880	也通过国会议员
1246880	1248560	可以继续施压
1248560	1249680	也就是说政府说
1249680	1250960	我放过你了
1250960	1252880	你不算中国红色供应链
1252880	1254240	你跟中国共产党没关系
1254240	1255480	不行
1255480	1258000	只要当地有一个反共专业户
1258000	1260080	议员在国会提出
1260640	1263160	意见提出意义
1263160	1265880	甚至是他的州议员或者市议员
1265880	1266640	提出意义
1266640	1267560	你也不行
1268600	1271440	任何一个州政府和你所在地的市政府
1271440	1273120	都可以让你停工
1273120	1274080	所以这个事呢
1274080	1275120	那么一停工
1275120	1275880	我擦那么
1277080	1278600	二十亿美金啊
1278600	1279720	哎呀
1279720	1280680	走了啊
1280680	1281080	没了
1281080	1283680	而且你前期投入的时间经历金钱
1283680	1284800	全栽进去
1284800	1287440	所以大家一定要防范风险
1287440	1289400	这一期是极其专业的
1289400	1290240	到目前为止
1290240	1290920	到目前为止
1290920	1292920	没有任何一个中国人
1292920	1295640	没有任何一个中国课程给你们讲
1295640	1297400	老王今天给你们讲完了之后呢
1298600	1299280	我这个报告
1299280	1300360	你们也可以也可以买啊
1300360	1301160	你再白药
1301160	1301800	我不行了
1301800	1302520	二十年以前的
1302520	1303320	我可以白给你们
1304560	1305680	以后黄金可以给你们
1305680	1306280	红色供应链
1306280	1306760	新能源
1306760	1308080	这个不能给白给你们
1308080	1309200	你们得买啊
1309200	1309760	挺贵的
1309760	1311320	我也不知道要多少钱
1311320	1312000	好了
1312000	1312720	这个
1313800	1315440	执行摘药
1317000	1319040	这份报告针对
1319520	1320840	美国计划
1320840	1323440	计划在美国设立新能源工厂
1323440	1324680	包括李电池
1324680	1326240	和李电池原料物料
1326240	1329520	是供应链环节的所有的中资企业
1329520	1330680	老板们
1330680	1333240	全面提供红色供应链的
1333240	1336120	法律评估以及政策风险
1336120	1338080	以及深度政策的案例
1339080	1339840	那么
1339840	1343280	涵盖的范围包括三项法律
1343280	1344320	大家拿笔拿纸
1344320	1345480	记好这三项法律
1346320	1351880	2022年8月
1351880	1354960	周拜登总统签署的
1354960	1357240	Inflation Reduction Act
1357240	1360040	就是IRA
1360040	1361040	中文叫
1361040	1363600	防止美国通货膨胀法
1363600	1365240	IRA
1365240	1367160	第二个法案
1367160	1370280	这三个法律是直接
1370280	1373520	就是全部所有的我们中国红色供应链
1373520	1374840	都受这三个法律
1375080	1377360	延伸出来的各种制裁
1377360	1378040	就是这三个法律
1378040	1378680	第二个法律
1380480	1382480	2022年6月
1382480	1385120	周拜登总统签署生效的
1386280	1389680	维吾尔强迫劳动预防法
1389680	1392960	英文简称UFLPA
1392960	1394240	刚才那个IRA
1394240	1396520	这个是UFLPA
1398120	1400080	第三个法案
1400080	1403200	是国防授权法案
1403200	1405400	NDAA
1405400	1409120	这三个法案和他们这三个是国会通过的法案
1409120	1412160	这三个法案和他衍生出来的
1412160	1415680	一系列的法律法规和法规工具
1415680	1420000	对中国的供应链实施了多层次多维度的
1420000	1421080	各种限制
1422760	1425200	那么第一个法案
1425200	1427440	它是2022年8月
1427440	1431760	乔拜登总统签署生效10年
1431840	1434080	也就是说2022年到2032年
1434080	1435880	IRA法案都生效
1435880	1439640	他投入7371美元现金
1439640	1442160	美国国家投资
1442160	1443320	在清洁能源
1443320	1443920	新能源
1443920	1448040	易威电动车和本土制造这一串供应链方面
1448040	1450440	给予实质性的资助
1450440	1451840	给钱
1451840	1454440	那么第二个维吾尔法案
1454440	1457680	是由乔拜登总统签署以后
1457680	1459280	美国海关总署
1459280	1461600	美国海关总署叫CBP
1461600	1462760	美国海关总署
1462760	1464360	美国国土安全部
1464360	1465600	就是那个抓人的那个
1465600	1468880	美国国土安全部叫DHS
1468880	1471480	那么他们两个政府部门
1471480	1473440	负责强力执法
1473440	1474560	这两个政府部门
1474560	1478160	就是美国海关总署CBP
1478160	1479880	当然海关总署是我起的
1479880	1481120	他那个英文名字
1481120	1483360	就是美国海关和边境管理局
1483360	1485480	那就是美国海关总署
1485480	1487560	那么他和国土安全部
1487560	1489960	他们是有执法能力的
1489960	1490920	就是他们是警察
1491120	1492400	他们是有军队的
1492400	1493680	他们是有带枪
1493680	1494840	带装甲车的
1495840	1498080	他们在港口飞机场
1498080	1500120	对这个法案进行实施
1500120	1501040	实施什么呢
1501040	1502680	就是那个维吾尔法案
1502680	1504000	实施就是
1504440	1507760	它叫可反驳推定政策
1507760	1510320	什么叫这个政策在中国没有
1510320	1512800	什么叫可反驳推定政策呢
1512800	1517640	就是中国所有的法律都是假设有罪
1517640	1520440	然后律师给你证明你无罪
1520760	1521480	郭大冰亏
1521480	1522640	郭大冰亏你又不投
1522640	1523800	你买这玩意干什么
1524800	1525400	萨利苏
1525400	1526600	我是BIT实习
1526600	1527480	狄师妹
1527480	1527960	北文
1527960	1528960	哈哈哈哈
1528960	1530000	萨利苏
1530000	1531160	谢谢你
1531160	1533960	几年有机会当面白线教授
1533960	1536760	以前我待着没事干的时候
1536760	1538840	就是疫情之前
1538840	1540320	每年教授会我都去
1540880	1542080	因为我
1542080	1544560	北里公文化教授会是我成立的
1544560	1545880	我出钱成立的
1546560	1546880	哎呦
1546880	1547840	我不成立
1547840	1548600	拿上教会
1549120	1551680	然后我不是想连任吗
1551680	1553440	我想无限期连任吗
1553440	1553880	结果呢
1553880	1554360	他们呢
1554360	1555560	按照张成两年一任
1555560	1556640	他们给我推翻了
1556640	1558960	然后他们就新教授会阻扬
1558960	1560240	跟我还关系不错
1560240	1564520	然后现在那个教授会那个那个姓那个
1565520	1565720	哎呦
1565720	1567040	不不不不点他名了
1567040	1568880	我他我对他一点好印象都没有
1568880	1570720	因为他根本不是北里公的
1570720	1573160	他本科不是北里公的
1573160	1573840	他的嘛
1573840	1575400	他笑尖的脑袋
1575400	1577000	是上这儿的当教授会会长
1577000	1578240	我当然不同意了
1578280	1579080	所以我不去了
1579080	1579640	我不去了
1579640	1582440	而且这帮孙子现在跟中国大使馆越走越近
1582440	1583760	我怎么我都烦他们
1583760	1584120	你知道
1585560	1586560	这帮孙子都是吗
1586560	1589480	这是一个个都不知道自己几斤几两
1589480	1591280	啊你说你个北里公
1591280	1592800	你还是北里公校友会
1592800	1592960	吧
1592960	1594400	你还跟中国大使馆会
1594400	1595600	你就等什么遣返
1595600	1596480	遣返你们的
1596480	1598720	所以我现在不参加校友会啊
1599600	1600840	呃三立啊
1600840	1601720	祝你发大财啊
1601720	1602640	小师妹啊
1602640	1604720	msgmail啊
1605720	1606240	对呀
1606240	1606800	你就是我
1606800	1607880	我很真实吗
1608240	1609440	你我
1609440	1610360	你可以把我换
1610360	1612840	你给我弄一个名誉终生校
1612840	1614280	校友会会长啊
1614280	1614680	对不对
1614680	1615520	这我也行了嘛
1615520	1616280	对不对
1616280	1616760	妈的
1617840	1619080	白让我花那么多钱
1619080	1620280	好了啊
1620280	1621760	才呃才爽了两年
1621760	1623280	而且屁用也没有啊
1623280	1624320	你说有什么权利
1624320	1625400	一个校友会有什么权利
1625400	1626200	就是组织大家
1626200	1627520	今天在那吃个饭
1627520	1628920	明天在这登个山
1628920	1629360	哎呀
1629360	1631240	这一点用都没有
1631240	1631600	好了
1632480	1633480	嗯
1633480	1634480	哎哎
1634480	1635480	哎
1635480	1636480	好
1636480	1638480	不能提北里公啊
1638480	1639760	不能提北里公捐款
1639760	1640480	不能提校友会
1640480	1641480	这是我的事
1641480	1642880	这是我的伤啊
1642880	1643440	好了啊
1643440	1644160	那我们
1644160	1645160	呃
1645160	1647320	我们接着说啊
1647320	1648280	就是呃
1648280	1650600	维吾尔那个法律叫
1650600	1651480	有罪推定法
1651480	1654600	就是可英语叫可反驳推定政策啊
1654600	1655400	这个在英国
1655400	1656960	在英美法系很少
1656960	1658960	这个维吾尔强制劳动法
1658960	1659840	这是一个
1659840	1660760	什么意思
1660760	1664560	就是单反涉及到在维吾尔
1664560	1666000	中国维吾尔自治区
1666000	1668600	新疆维吾尔自治区的所有的
1668600	1669000	记住啊
1669000	1669640	这个概念
1669640	1672920	所有的只要这个产品沾了这个地方
1672920	1675240	无论是在那生产的原料
1675240	1676640	还是某个零件
1676640	1678440	还是在那组装的
1678440	1681240	无论如何只要沾了新疆
1681240	1684600	你这个产品就是违反这个法律的
1684600	1686000	你自动违反
1686000	1689160	美国的海关总署和美国的边境管理局
1689160	1691840	就可以把你的产品扣押
1691840	1693720	没收或退回
1695720	1696920	这个法律就这么狠
1696920	1700680	而且二二年到现在已经实施了两三年了
1700680	1702200	已经实施三年了
1702200	1703240	扣了无数东西
1706240	1707920	什么叫可反驳推定呢
1707920	1712640	就是你如果认为你不是
1712640	1713400	你可反驳
1713400	1714080	你可以反驳
1714080	1715200	你说我不是
1715200	1719120	我跟新疆维吾尔强制劳动没关系
1719120	1721160	我虽然在新疆
1721160	1722920	比如说采购了它一个零件
1722920	1724640	但是真个维吾尔没关系
1724640	1726720	这就是一个新疆的正常产品
1726720	1728360	拿出证据来
1728360	1729880	这个证据只要能证明
1729880	1733680	确实没有维吾尔强制劳动的劳动营的参与
1733680	1735360	可以给你放行
1735360	1736480	可以给你放行
1736480	1738680	那么很难绕不开
1738680	1739720	你觉得为什么
1739720	1740080	为什么
1740080	1741040	我跟你说
1741040	1742760	为什么美国针对中国一打一个准
1742760	1743360	为什么
1743360	1745800	因为美国有好多的汉奸
1745800	1746960	美国有好多的汉奸
1746960	1747680	你没听错
1747680	1749720	就是像我们这样的入籍了的
1749720	1753240	这些人是组这个政府的主要力量
1754400	1758400	这个政府为了实施这个新疆维吾尔法律
1758400	1760880	成立了10个专业专家机构
1760880	1762320	10个C11E
1762320	1766320	C11E就是专业专家机构Expert
1767440	1770960	这种议码专家机构
1770960	1771880	10个行业
1771880	1773320	电子行业
1773320	1775120	工业原料行业
1775120	1778120	纺织家访服装行业
1778120	1780800	金属行业
1780800	1781840	农产品
1781840	1784240	农业行业
1784240	1785240	大众消费品
1785240	1785880	零售品
1785880	1786840	小商品行业
1788280	1790160	机械行业
1790160	1791520	药品化工行业
1793200	1794880	汽车和航空行业
1794880	1795640	10个行业
1797040	1798960	你也就是说你绕无可绕
1798960	1800640	而且这个10个行业的专家
1800640	1803520	好多都是中国大陆过去的一年
1803680	1806800	你查的就是你那点小聪明
1806800	1807440	大家都懂
1807440	1810880	所以查扣了多少东西呢
1810880	1811560	去年
1811560	1815120	去年查扣了差不多10多亿美金获值的东西
1815120	1816400	一个货柜
1816400	1817120	得给你扣下来
1818400	1820440	那么查扣的这些货源
1820440	1821640	是不是都是中国的呢
1821640	1822120	不是
1822640	1827680	来自于中国大陆本土的只有30%到40%
1827680	1829960	剩下的是查扣的是哪的呢
1829960	1832560	剩下查扣的是马来西亚
1832920	1833880	越南
1833880	1834640	泰国
1834640	1835320	菲律宾
1835320	1835760	印度
1835760	1836720	尼西亚
1836720	1837200	为主
1838560	1841360	也就是说从马来西亚和越南过来的
1841360	1844560	因为维吾尔强制劳动被查扣的货柜
1844560	1846560	居然和中国大陆的一样多
1848200	1849120	为什么
1849120	1851440	因为还是那句话
1851440	1854040	这些美国的官员全都是中国人
1855040	1855920	都是跟我一样的
1855920	1858000	讲中文讲的非常好
1858000	1860680	可以说大中小学都是在中国念的
1860680	1863680	所以他当然知道中国老板在干什么
1863680	1864800	好多中国老板以为
1864800	1867840	我只要我只要把我的服装场挪到越南
1867840	1868720	我就无所谓了
1870080	1872200	所以越南的货柜一样扣
1872200	1873640	只要你是中国来的
1873640	1875440	用了新疆的棉花的一样扣
1876880	1878800	那么我为什么今天强调这个法律
1879680	1882800	说咱们跟他们咱们新能源跟新疆维吾尔有什么关系
1882800	1884760	我告诉你个不好的消息
1884760	1886840	中国的礼
1886840	1889160	就礼电池里边的礼
1889160	1891680	很多都是新疆产的
1891680	1893960	因为新疆那有大盐湖
1893960	1896240	塔克拉玛干那边有挖地
1896240	1897400	有盐湖
1897400	1899840	他那个里边有丰富的礼矿资源
1901520	1902600	大家懂了
1902600	1907560	所以只要这个礼电池里边的零礼铁
1907560	1908560	他的主要物料
1908560	1912160	石墨是粘了新疆的自动给你放进去
1913560	1918280	随时可以扣除非你能拿出证明不是
1918400	1920720	没有让维吾尔人在这里边劳动
1920720	1923560	所以这三个法案
1923560	1926760	大家记住这是所有的基础
1926760	1928200	那么第三个法案是什么
1928200	1930960	第三个法案是国防授权法案
1930960	1933040	英语叫NDAA
1933040	1935080	国防授权法案
1935080	1940680	每年美国国会是强行隶行通过的强制性法案
1940680	1943080	那么我说九千亿九千亿美元
1943080	1950440	就是二零二六年NDAA批准的投资是八千九百三十亿美元
1950440	1952680	NDAA国防授权法案
1952680	1954840	国防授权法案
1954840	1960960	大量的投资大量的整合美军国防用品和国防产业链的现代化
1960960	1962600	其中也包括新农员
1962600	1965240	电池无人机
1965240	1966760	那么今年二零二六年
1966760	1969000	他的重点盯防就是他的钱
1969000	1974080	绝对不让他流入与中国相关的技术和供应链
1974080	1982880	和绝对要让他流入与台湾军事现代化相关的技术和供应链
1982880	1988240	武器相关的这些产品
1988240	1989640	诶
1989640	1992200	诱人答复上我谢谢你啊
1992200	1993640	艾环于伊文
1993880	1995040	这个
1995040	1996240	这期对我们很有帮助
1996240	1999000	我们准备做美国数据中心的大型光处
1999000	1999760	呃
1999760	2000400	光处项目
2000400	2000880	哎呀
2000880	2004200	这个我这个报告就是给你做的啊
2004200	2006800	你你你让你老板该联系我吧
2006800	2006960	啊
2006960	2007920	我这二十亿挣不了
2007920	2010240	你我我能让你少赔二十亿
2012640	2013400	凯文李
2013400	2015120	巴巴巴祝你发大财啊
2015120	2015800	奥斯卡
2015800	2017760	毛祝你发大财在台湾啊
2017760	2018800	台湾用简体
2018800	2020720	你很很棒嘛
2020720	2021880	那个
2022480	2023360	艾环于
2023360	2024960	艾环于好好听啊
2024960	2025560	那么
2026920	2028160	ndaa
2028160	2029480	这项法案
2029480	2033840	ndaa这项法案是实实在在的倾向台湾的武器升级
2035320	2037760	实实在在的禁止大陆
2037760	2041200	任何产品进入到美国的国防领域
2042200	2043480	所以
2043480	2043640	啊
2043640	2045040	他们不是说的
2045040	2047000	所以我我现在要给你们展开
2047000	2049000	他们可不是美国总统啊
2049000	2051280	在那个白宫演说一下就过去了
2051280	2052360	是真干啊
2052360	2055280	所以为什么我告诉你们打台湾没那么容易啊
2055280	2056680	除了今上啊
2056680	2058200	没念过书的人
2058200	2061560	那只要是中国的军人或中国企业家都知道打台湾
2062680	2063360	真打不下来
2066320	2068320	打台湾就是打日本和美国
2068320	2069840	你不是打台湾
2069840	2072120	而且他们已经开始准备跟你跟你干了
2072120	2072840	他们不是说
2072840	2074320	他们的用嘴跟你聊一聊的
2075280	2076200	好了
2076200	2076960	我们接着讲
2078040	2078920	那么
2078920	2083200	整份报告整理了超过15个具体的执法案例
2083200	2084600	包括华为
2084600	2085840	海康卫视
2085840	2086760	中芯国际
2088600	2090240	那个叫宁德时代
2090240	2091760	宁德时代和福特
2091760	2093600	他们有一个合资案
2093600	2095360	在密西根州
2095360	2097040	然后国宣高科
2099040	2101000	以及振华港基
2101000	2103600	那上海那个振华港基等等
2104600	2106000	前一段时间
2106000	2109440	这个涉及到红色供应链的具体的案例
2109440	2111920	揭示和给大家展示
2111920	2114880	美国如何通过实体清单
2114880	2117200	税收敌缅政策限制
2117200	2118360	海关扣查
2119600	2121320	CFIUS审查
2121320	2125840	CFIUS是外国投资委员会
2125840	2128680	今天我说的所有的英文简称
2128680	2129680	你们都要记住
2129680	2130920	这非常重要
2130920	2134960	海关增加关税等等措施系统性的
2136040	2137560	有条不稳的
2137560	2138880	稳扎稳打的
2138880	2142160	排除中国及中国背景的资金
2142160	2142960	资产
2142960	2145000	参与美国供应链建设
2145960	2148080	2025年到2026年
2148080	2149680	就是这一年度
2149680	2152440	在川普政府执政的期间
2152440	2154960	政策力度进一步升级
2154960	2158360	除全球最低10%基础关税外
2158360	2162000	对中国实施高达145%的
2162000	2163320	最高惩罚性关税
2164320	2167560	NDAA就是国防授权法
2167560	2171760	扩大严禁中资电池企业
2171760	2173000	港口企业
2173000	2179120	参与任何对美国的投资
2179120	2180840	那么对中国设备的
2180840	2184280	以投资的网络部分进行严查
2184280	2185160	一会我给你讲
2185160	2186600	这个什么叫网络设备
2186600	2188600	以投资的设备的网络
2188600	2192040	为什么要NDAA要严查呢
2192160	2193200	我告诉大家一个事
2194880	2197240	就是因为中国有很多的产品
2197240	2198440	储能产品
2198440	2199560	电网产品
2199560	2200440	变压器产品
2201520	2203040	这个叫电网级
2204040	2204840	大家知道
2204840	2206760	我们说新能源的时候
2206760	2208600	不光是特斯拉
2208600	2211880	电网级产品和港口级产品
2211880	2213880	以及高速铁路
2213880	2215480	飞航级产品
2215480	2217360	对于一个国家
2217360	2219320	对于美国这样的国家
2219320	2221800	他认识到
2221800	2223800	这叫国家安全命脉
2224360	2225160	你懂吗
2225800	2227800	这仅次于军队本身
2228760	2231640	所以他让你参与他的电网
2231640	2232920	无论你是储能
2232920	2234040	还是发电
2234520	2235720	还是供电
2236360	2239000	他认为你一定要是我的人
2239000	2241000	或者跟我是同一类的人
2241000	2241960	我才让你参与
2241960	2243000	如果你是我的敌人
2243000	2244040	是绝对不可以的
2245000	2245960	案例在哪
2246760	2249480	案例在刚刚说新疆
2249480	2251000	新疆就地震了
2251240	2252360	没关系
2252360	2253240	案例在于
2255400	2259720	美军有基地设地在全世界各地
2259720	2261480	这是2025年最新的案例
2262680	2264280	2025年在德国
2264840	2266920	柏林附近的一个储能中心
2266920	2270520	是中国的珠海的一个公司
2270520	2271560	给他们新能源公司
2271560	2274040	给德国珠海
2274040	2275320	德国柏林附近的
2275880	2277240	建非常好
2277240	2279480	它是供应当地老百姓的
2279560	2281160	与美军基地并无关系
2282920	2283640	有一天
2285160	2286840	德国那边的李电池
2286840	2289480	储能站出现了问题
2291000	2292520	于是中国这边的
2292520	2293560	中国这边半夜
2293560	2294840	他那边白天
2294840	2298040	所以中国这边的珠海的一个小孩
2298040	2298760	一个工程师
2299480	2301000	就擅自做主
2301000	2302840	远程关闭了
2302840	2305000	德国这个城市的储能中心
2306680	2309080	造成了德国这个城市的电网
2309080	2309640	停电
2310440	2311880	当然这是正确的
2311880	2313080	因为它如果不关闭
2313080	2315480	很可能引起爆炸或者失火
2316440	2317160	所以它
2317880	2319960	因为这个孩子没有国防安全教育
2319960	2320840	他认为这个就是
2321640	2322520	德国吗
2322520	2324440	那就跟深圳一样了
2324440	2325320	你要深圳出这个事
2325320	2326600	我第一时间要关呀
2326600	2328440	然后我们再去排查故障
2329320	2330120	先关上再说
2332760	2334440	这个小镇住了大量的美军
2335560	2336280	家属在这儿
2336280	2337160	啪都停电了
2337960	2338760	为什么停电
2339160	2340280	德国人居然不知道
2341320	2342760	那美国人在反查
2342760	2345480	停电因为使用了中国的供电设备
2345480	2348120	而由珠海的一个小小的工程师
2348120	2349080	就给他停了电
2350920	2354280	这个报告迅速传到美国的最高国防机关
2356360	2359400	如果我们继续使用中国这样的设备
2359400	2360680	一旦双方翻脸
2361400	2362680	中国可以在一夜之间
2362680	2364920	癱瘓美国的很多军事指挥设施
2365880	2368600	所以所谓的红色供应链
2368600	2369640	NDAA
2369640	2371800	就是美国国防授权法
2371800	2375160	在2025、2026年度
2375160	2378040	着重强调所谓的
2378040	2380760	供应链中的中国设备的
2380760	2383000	网络安全再审查
2383640	2385320	你已经运作好多年了
2385320	2386440	OK跟我没关系
2386440	2389080	我要再审查你就来源于此
2390360	2392840	形成了前所未有的供应链
2392840	2394440	去中国化的压力
2395880	2397640	那么所以
2397640	2399480	我们今天讲
2399480	2401320	今天这个报告的第一部分就是
2401320	2406680	美国防堵红色供应链的核心法律法规架构
2406680	2409800	它是怎么形成了一个法律法规的架构的
2409800	2411080	第一个
2411080	2412920	第一条
2412920	2415640	IRA
2415640	2418600	就是反通胀或者叫通胀削减法案
2418600	2423080	IRA中的敏感外国实体限制
2423800	2427800	敏感外国实体英语叫FEOC
2428760	2433480	FEOC是所有的
2433480	2436040	这些法律中的一个基准
2436040	2437400	是一个基点
2437400	2440360	FEOC就是敏感外国企业
2440360	2442120	叫FORION
2442120	2443000	就是外国
2443000	2445080	FE叫
2445080	2446680	ITT
2446680	2447480	就是实体
2448680	2450520	O就是F
2450520	2452120	C就是conson
2452200	2453400	就是我有点
2453400	2454440	我有点不放心
2454440	2455480	那就叫conson
2455480	2456600	关心
2456600	2457720	焦虑
2457720	2458520	敏感
2458520	2460760	所以就是敏感外国实体法案
2460760	2461800	敏感
2461800	2462520	不是
2462520	2466360	反通胀法案中的FEOC就是敏感外国实体
2466360	2468760	敏感
2468760	2472760	敏感外国实体的定义和法源是这样的
2472760	2473720	这是一个法治国家
2473720	2477720	所以一切都要扣这些字眼
2477720	2479240	IRA
2479240	2480280	这就是法治社会
2480280	2481640	你不用跟它扯人质
2481640	2482920	这是法治社会
2482920	2484760	任何一个法员和词条
2484760	2485800	你找清楚之后
2485800	2487000	你就可以跟他
2487000	2488920	跟他去交流
2488920	2490280	那么是IRA
2490280	2491480	第三
2491480	2492520	第三零
2492520	2493960	第条款
2493960	2496200	新能源以及捷径车辆
2496200	2500520	税收减免的核心限制概念里边规定了
2500520	2503080	FEOC的定义涵盖
2503080	2504280	一
2504280	2505800	受中国俄罗斯
2505800	2506200	伊朗
2506200	2509160	北韩等政府
2509160	2511560	快活这些政府都是流氓国家
2511560	2516200	所有控制或管辖的实体
2516200	2517640	也就是说不一定是国有企业
2517640	2518520	归他管
2518520	2521080	在他那个地方就算
2521080	2521800	第二
2521800	2526200	其总部位于这些国家的实体
2526200	2527160	第三
2527160	2531160	被美国列入制裁清单或者实体清单的企业
2531160	2533320	获取关联公司
2533320	2533960	三条
2533960	2535840	这三条只要符合一条
2535840	2536520	站上
2536520	2538760	你就进了FEOC
2538760	2539880	是FEOC
2539960	2541640	一切都game over
2541640	2542440	好了
2542440	2543480	美国能源部
2543480	2544600	DOE
2544600	2545880	大家记住
2545880	2547880	DOE是美国能源部
2547880	2549160	美国能源部
2549160	2550600	与美国财政部
2550600	2553000	在2023到2024年
2553000	2554680	发布最终指引
2554680	2558600	明确将中国的电池龙头企业
2558600	2559320	比如
2559320	2560920	宁德时代
2560920	2562440	比如比亚迪
2562440	2564440	以及其上游供应商
2564440	2568760	全部列为FEOC
2568760	2571960	也就是说
2571960	2573240	埃文于
2573240	2575320	你们公司的任何产品
2575320	2577480	包括电芯
2577480	2578520	包括电解业
2578520	2581880	任何产品只要粘了FEOC
2581880	2583080	只要粘了
2583080	2585400	你这个美国的储能中心
2585400	2586600	我保证你
2586600	2587880	开不下去了
2587880	2590520	为什么
2590520	2591640	法律之交
2591640	2592600	这是法治国家
2592600	2593960	你敢撒谎吗
2593960	2594920	我要是老板
2594920	2597880	我为什么现在脑袋都开大了
2597880	2600200	因为他们让我签字
2600200	2601240	因为美国是这样的
2601240	2603240	人家未必查你
2603240	2604200	你只要签字
2604200	2609000	保证我不签
2609000	2611160	哪天FBI抓我的
2611160	2614200	那么第二条
2614200	2618120	对电池材料和组件的具体限制
2618120	2623320	IRA通过这个30D的FEOC这一条款
2623320	2626440	限制的时间表具体如下
2626440	2629800	电池组件内限制
2629800	2632680	从2024年生效
2632680	2638120	任何由FEOC生产或组装的电池组件
2638120	2640600	包括电芯
2640600	2641400	集片
2641400	2642280	隔离膜
2642280	2643320	电解业
2643320	2644360	模组
2644360	2645800	也就是涉及到一个
2645800	2648040	理电池的所有的东西
2648040	2649720	以及车辆
2649720	2651560	不得享有FEOC
2651560	2654840	不得享有30D的任何税收敌缅
2656760	2657720	第二个组类
2657720	2660360	就是刚才这个组类是电池组类
2660360	2663240	第二个组类叫关键矿物组类限制
2663240	2666200	从2025年去年生效
2666200	2667560	什么意思
2667560	2670120	就是电池中使用的矿物质
2670120	2671480	比如里
2671480	2672360	骨
2672360	2673320	稀土
2673320	2673960	涅
2673960	2675240	石墨
2675240	2679960	均不能由FEOC企业开采
2679960	2684040	只要这些矿物原料是FEOC开采的
2684040	2685320	也不行
2685400	2686600	不但不能是开采的
2686600	2687800	也不能是他们加工的
2687800	2690040	甚至不能是他们回收的
2690040	2691560	就是我们这个废料
2691560	2694120	最后给宁德士代表不行
2694120	2695560	FEOC
2695560	2698360	同样丧失资格
2698360	2701640	第三个组类就是合规申报要求
2701640	2704200	2024年起生效所有的制造商
2704200	2706360	不管你是不是FEOC
2706360	2708120	只要你是制造商
2708120	2709320	理电池类的
2709320	2712520	你必须向IRS主动申报
2712520	2714680	合规电池账册
2714680	2717240	建立你的账本
2717240	2719880	年度申报合规状态
2719880	2723560	提供供应链符合规程的所有的证据
2723560	2725000	就是我说的签字
2725000	2726360	你得签字
2726360	2727080	你这个签字
2727080	2729560	你在美国你的签字可不能瞎签
2729560	2731160	签了里面要负责任的
2731160	2733560	所以
2733560	2736200	干有点干
2736200	2739640	那第三条
2739720	2744280	对电池厂商的实际风险
2744280	2745640	对
2745640	2747320	储能中心也算电池
2747320	2750120	对任何电池电芯
2750120	2751160	电集材料
2751160	2753320	电解业等任何组件
2753320	2756280	只要是来自中资电池企业
2756280	2758360	或中资电池企业
2758360	2761160	控制之上游的加工企业
2761160	2763880	你将会导致如下三条风险
2763880	2764840	第一
2764840	2766760	你的产品
2766760	2767960	无论是车辆
2767960	2768920	整车
2768920	2769960	还是组件
2769960	2771480	还是什么货柜
2771480	2772440	储能柜
2772440	2774600	你会立刻丧失
2774600	2777640	30D税额减免的资格
2777640	2781240	你的产品的市场竞争力大降
2781240	2786840	那么OEM要求供应商在结构上完全切断与FEC的股权
2786840	2788840	控制和供应链之间的关系
2788840	2791640	使得你的生产可能会受到影响
2791640	2794120	第三就是技术授权合作
2794120	2797080	即使没有股权投资关系
2797080	2798600	不是股权投资关系
2798760	2801240	只要有技术合作
2801240	2805000	仍可能被视为FEC控制
2805000	2808520	所以我这些所有的我的结论
2808520	2810600	都是由美国法律法条支持
2810600	2812600	我最后会告诉大家是哪一条法律
2813880	2814600	第二大类
2814600	2816440	这是I2A大类
2816440	2818680	就是我刚才我现在正在给大家讲
2818680	2820280	整个法律构价
2820280	2822120	第三三只只脚
2822120	2825000	第一个只脚是I2A就是反通胀法
2825000	2827080	第二个只脚到了
2827080	2829960	维吾尔强迫劳动御方法
2829960	2830920	这个法案
2830920	2831880	中国人几乎不知道
2831880	2834040	因为中国共产党不会让你知道的
2834040	2837160	因为中国共产党说维吾尔人都没有
2837160	2838840	都是很快乐呀
2838840	2840200	生活的很自由啊
2840200	2841240	那些什么
2841240	2843400	一大堆维族姑娘
2843400	2844680	整天在推特上
2844680	2846680	在做大外宣
2846680	2847960	事实是在这
2847960	2849800	因为这个就是事实
2849800	2852200	人家不是胡说八道的
2852200	2856760	因为这些东西都有产业报告之称
2856760	2860360	所以这个法案叫UFLPA
2860360	2866360	那么UFLPA法案的法源规则是这样的
2866360	2869880	第一条它的核心法源规则
2869880	2872840	2022年6月拜登签字生效
2872840	2876120	建立可反驳推定的机制
2876120	2879560	就是所有的新疆的全他们有罪
2879560	2882440	然后你反驳我证明你无罪
2882440	2887880	叫rebatable presumption
2887880	2890200	就是可反驳推定
2890200	2892920	一 凡于新疆维吾尔自治区
2892920	2896120	有过接触的货物
2896120	2899160	均推定含有强迫劳动
2899160	2901960	第二 除非你能够提供
2901960	2904200	除非你这个企业能够提动
2904200	2907720	清晰且令人幸福的证据
2907720	2912360	它的英文法源原文是cleared and convincing
2913320	2917400	evidence反驳我们反驳政府
2917400	2919400	否则禁止进口
2919400	2921000	这句话是什么意思
2921000	2923000	这禁止进口的意思就是
2923000	2924760	如果你货柜在港口
2924760	2931000	就会被美国边境管理局和海关总署的警察扣下来
2931000	2932440	如果你已经拉到工厂
2932440	2934600	按上了他们就把你工厂封住
2934600	2938760	就是跟美国基督局抓毒贩是一样的
2939480	2942360	由美国海关及边境保护局
2942360	2945240	CBP在入境口岸执行扣留
2945240	2948200	截获 没收 或退运
2948200	2949960	也可以直接给你退回去
2949960	2952280	退回去 我扫
2952280	2953080	好吧
2953080	2956680	第二条对李电池供应链的实际影响
2957960	2963480	海关CBP已公开将电池技术列入维吾尔
2963480	2966680	强制劳动法的重点关注行业
2967480	2970280	CBP更新扣留通知的格式
2970280	2975080	证明明链电池相关货柜
2975080	2979160	必须提交产地证明供应商清单
2979160	2981960	矿物开采与经链流程文件
2981960	2983000	这几个必须提供
2984120	2985960	第二 2023 年起
2985960	2989160	CBP在汽车与航空航天
2990120	2993000	类别下报告了多起扣留案例
2993960	2997000	涉及车用电池动力电池及零组件
2998120	3000040	2024 年至 2025 年
3000680	3002200	部分中国的电池公司
3002200	3004120	比如国宣高科和宁德时代
3004760	3008680	他们的特定设施被纳入反维吾尔
3008680	3010440	强制措施名单
3010440	3015160	与他们沾边的全部都被海关CBP扣押
3016840	3019480	第三条 企业合规的标准
3019480	3020680	那我们怎么合规呢
3021640	3023160	也给你明确的指引
3024360	3026120	那么你要建立
3027080	3031640	CBP 就是海关满意的完整供应链追踪系统
3032520	3034840	你这个企业本身要建这个追踪系统
3035400	3038760	以涵盖各层级的供应商
3038760	3040040	从矿山
3040040	3041320	你说大哥呀
3041320	3043640	我是卖储能中心的
3043640	3045640	我们没有矿山不接触
3045640	3046760	嗯 喏 喏 喏
3048280	3048680	去找
3049080	3051480	从矿山到链链
3051480	3055480	链长到加工
3055480	3056680	金属加工
3056680	3059080	李加工到电信组装
3059080	3061880	到你的储能电池组装
3061880	3063880	这一系列的产业链
3063880	3065880	要提供所有的产业链
3065880	3067880	都要提供溯源证明
3067880	3069080	第二条
3069080	3071080	随时准备提供
3071080	3073880	每一个产业链上的详细证明文件
3073880	3077080	证明与新疆实体清单脱钩
3077080	3079080	第三
3079080	3081080	无法证明时
3081080	3083080	怎么办
3083080	3085080	你的货物将被长期扣押
3085080	3087080	或直接退货
3087080	3089080	造成的损失
3089080	3091080	由你自己负责
3091080	3093080	你不要以为退货
3093080	3095080	他给你出航运钱
3095080	3097080	你自己出
3097080	3099080	你自己出 你不出
3099080	3101080	你不出就给扣了
3101080	3103080	好了 1.3
3103080	3105080	1.3
3105080	3107080	第一就是法源部分
3107080	3109080	第三条
3109080	3111080	国防授权法
3111080	3113080	第三大法院
3113080	3115080	三个支柱
3115080	3117080	NDA就是国防授权法
3117080	3119080	国防授权法对中资电池
3119080	3121080	与零组件
3121080	3123080	禁购条例
3123080	3125080	第一条
3125080	3127080	国防授权法FY2024
3127080	3129080	第154款
3129080	3131080	规定中资电池企业禁购
3131080	3133080	禁止
3133080	3135080	禁购
3135080	3137080	那么禁购名单
3137080	3139080	2024年如下
3139080	3141080	宁德时代
3141080	3143080	比亚迪
3143080	3145080	远景动力
3145080	3147080	意为理能
3147080	3149080	国宣高科
3149080	3151080	高特例
3151080	3153080	这心里跟蹬一下
3153080	3155080	为什么
3155080	3157080	这几家是做储能
3157080	3159080	最靠谱 原料最过关的
3159080	3161080	质量最过关的企业
3161080	3163080	一个例外都没有
3165080	3166080	为什么
3166080	3167080	因为
3167080	3169080	美国这些人和我们这一样
3169080	3171080	是中国人在做这个事
3171080	3173080	他很清楚
3173080	3175080	你要想做一个靠谱的
3175080	3177080	这个所谓的
3177080	3179080	储能中心
3179080	3181080	不会今天爆炸
3181080	3183080	明天过热
3183080	3185080	后天磨滚云
3185080	3187080	那么怎么办
3187080	3189080	只有这几家
3189080	3191080	全给你放进去了
3191080	3193080	2024年
3193080	3195080	那么生效时间
3195080	3197080	从2027年10月1号
3197080	3199080	国防部不得采购
3199080	3201080	上述企业生产的任何电池产品
3201080	3203080	实际影响呢
3203080	3205080	虽然禁令
3205080	3207080	从2027年10月1号
3207080	3209080	才生效
3209080	3211080	但是其实
3211080	3213080	2024年开始
3213080	3215080	国防供应链已经
3215080	3217080	主动自主调整了
3217080	3219080	就截止17
3219080	3221080	事实上现在已经产生了
3221080	3223080	黑名单效应
3223080	3225080	第一条
3225080	3227080	第二条
3227080	3229080	NDAFY2024第805条
3229080	3231080	规定
3231080	3233080	中国军工企业的产品
3233080	3235080	进购
3235080	3237080	任何涉及中国军工企业的产品
3237080	3239080	不管它是不是维吾尔
3239080	3241080	不管它是不是电池行业
3241080	3243080	一律进购
3243080	3245080	第三条
3245080	3247080	电池FEOC限制
3247080	3249080	2026财政年度
3249080	3251080	NDAAD842条
3251080	3253080	进一步限制
3253080	3255080	国防部从外国关切
3255080	3257080	实体就在FEOC里面
3257080	3259080	采购电池
3265080	3267080	对于
3267080	3269080	NDAFY2026
3269080	3271080	就是今年的
3271080	3273080	第842条的
3273080	3275080	对于电池采购类的
3275080	3277080	限制
3277080	3279080	它规定了时间表
3279080	3281080	新合同采购
3281080	3283080	从2021元旦开始限制
3283080	3285080	一般的
3285080	3287080	一般的电池采购
3287080	3289080	从2019年元旦开始限制
3289080	3291080	已经有的电池
3291080	3293080	采购
3293080	3295080	就是因为好多已经有了
3295080	3297080	正在执行的
3297080	3299080	那么到2031年元旦
3299080	3301080	彻底停止
3301080	3303080	NDA的FEOC的概念
3303080	3305080	是呼应了
3305080	3307080	也就是说NDA是国防部的
3307080	3309080	NDA不是国防部的
3309080	3311080	是民间的
3311080	3313080	但是它用了民间的概念
3313080	3315080	也就是说FEOC的概念
3315080	3317080	把中资电池供应链
3317080	3319080	完全排除在了任何
3319080	3321080	国防采购项目之外
3321080	3323080	也就是说你的数据中心
3323080	3325080	或者你的无人机
3325080	3327080	或者你的产品
3327080	3329080	只要是军品的
3329080	3331080	只要美国军品的
3331080	3333080	都在这个范围之内
3333080	3335080	那么第四条
3335080	3337080	2024到2026年
3337080	3339080	美方
3339080	3341080	对中资零件和技术
3341080	3343080	采购的
3343080	3345080	综合
3345080	3347080	禁令时间表
3347080	3349080	I2A30D
3349080	3351080	FEOC限制
3351080	3353080	法源是I2A和财政部
3353080	3355080	I2S是国税局
3355080	3357080	能源部
3357080	3359080	DOE他们来执行的
3359080	3361080	那么他们的内容
3361080	3363080	重点是禁用FEOC
3363080	3365080	与电池组件
3365080	3367080	2024以及关键框
3367080	3369080	2020
3369080	3371080	的车辆及
3371080	3373080	附属产品的
3373080	3375080	抵税 资格
3375080	3377080	维吾尔强制劳动法令
3377080	3379080	第二条
3379080	3381080	那么他们是由边境管理局
3381080	3383080	控制的
3383080	3385080	与新疆有关的
3385080	3387080	规定为强迫劳动产品
3387080	3389080	禁止入境
3389080	3391080	电池内的科技
3391080	3393080	列为最高风险行业
3395080	3397080	国防授权
3397080	3399080	NDAA法律
3399080	3401080	2024
3401080	3403080	2026
3403080	3405080	154
3405080	3407080	805
3407080	3409080	842条
3409080	3411080	规定由国防部实施
3411080	3413080	禁止购入黑名单
3413080	3415080	禁止与中国军工企业
3415080	3417080	签约或叙约
3417080	3419080	任何产品
3419080	3421080	限制从
3421080	3423080	FEOC采购
3423080	3425080	电池
3425080	3427080	好了 第一部分
3427080	3429080	法院部分我已经讲完了
3429080	3431080	第二部分
3431080	3433080	大扎榭洗澡
3433080	3435080	也不管用了
3435080	3437080	你这句话非常的精彩
3437080	3439080	我之所以投资计划
3439080	3441080	大受打击
3441080	3443080	我们之前所有的都是大扎榭洗澡计划
3443080	3445080	不好使了
3445080	3447080	第二部分
3447080	3449080	含红色供应链成分的产品
3449080	3451080	进入美国的挑战和风险
3451080	3453080	但凡你用大扎榭洗澡
3453080	3455080	使用红色供应链
3455080	3457080	你可以洗澡
3457080	3459080	你会面临六个风险
3459080	3461080	第一个风险就是
3461080	3463080	税收敌缅的风险
3463080	3465080	大家知道税收敌缅
3465080	3467080	是你能拿钱的重要的方面
3467080	3469080	为什么大家愿意干
3469080	3471080	就是因为你投的那点钱
3471080	3473080	你通过税收敌缅全给你
3473080	3475080	就是美国几千亿几千亿的投资
3475080	3477080	砸钱 税收敌缅拿不到了
3477080	3479080	那么
3479080	3481080	第二个风险就是
3481080	3483080	CBP 海关
3483080	3485080	边境管理局扣留
3485080	3487080	扣押的风险
3487080	3489080	因为你的原料或者中间制成产品
3489080	3491080	涉及到维吾尔
3491080	3493080	比如说理研
3493080	3495080	比如说石墨 比如说正级材料
3495080	3497080	淋酸铁理
3497080	3499080	新疆产的
3499080	3501080	你涉及到新疆供应商
3501080	3503080	或者那个黑名单
3503080	3505080	所以这是第二个风险
3505080	3507080	第三个风险就是
3507080	3509080	国防部和国会的
3509080	3511080	国家安全审查风险
3511080	3513080	在这里边有一个国家安全审查
3513080	3515080	叫外国投资委员会
3515080	3517080	大家记一下
3517080	3519080	这又是一个重要的关键字
3519080	3521080	叫CFIUS
3521080	3523080	CFIUS都是大写的
3523080	3525080	这是美国的外国投资委
3525080	3527080	外国投资委
3527080	3529080	他会空降抽查你
3531080	3533080	质询你
3533080	3535080	国会议员
3535080	3537080	他开车路过
3537080	3539080	他就会质询你
3539080	3541080	我刚才说的那个德国的事
3541080	3543080	就是美国的国会议员质询的
3543080	3545080	没有任何人举报
3545080	3547080	珠海那小孩那个事
3547080	3549080	没有任何人举报
3549080	3551080	国会议员知道
3551080	3553080	国会议员直接就质询你去了
3553080	3555080	至于中国中资方
3555080	3557080	是否保留了企业的关键IP控制
3557080	3559080	就是技术关键
3559080	3561080	节点控制
3561080	3563080	数据存取权是否有网络
3563080	3565080	云直接上传到中国
3565080	3567080	是否靠近美国军事设施
3567080	3569080	这条人要命了
3569080	3571080	什么叫靠近美国军事设施啊
3571080	3573080	空军基地
3573080	3575080	飞机场
3575080	3577080	兵营都叫军事设施
3577080	3579080	港口军港
3579080	3581080	靠近
3581080	3583080	这一算近还是500米算近
3583080	3585080	没有没有标准
3585080	3587080	我就觉得你近
3587080	3589080	所以这是
3589080	3591080	国家安全审查风险
3591080	3593080	第四个风险
3593080	3595080	第四大风险
3595080	3597080	加征关税的风险
3597080	3599080	因为这个就不用说了
3599080	3601080	因为川普对于中国的关税
3601080	3603080	加了又加
3603080	3605080	所以中国或者其他来自于
3605080	3607080	美国认为不公平交易的国家
3607080	3609080	输入美国的电池材料
3609080	3611080	增加关税
3611080	3613080	这是第四个风险
3613080	3615080	就是你的上级供应商
3615080	3617080	被列入制裁名单的风险
3617080	3619080	你的上游供应商
3619080	3621080	比如说你里边电信有宁恶时代的
3621080	3623080	有国宣的完蛋了
3623080	3625080	你被列入
3625080	3627080	这个风险之后呢
3627080	3629080	你也就跟着列入了风险
3629080	3631080	那么列入所谓的
3631080	3633080	BIAS的实体名单
3633080	3635080	SDN的名单
3635080	3637080	或者维吾尔的实体清单
3637080	3639080	这些黑名单只要列进去就完蛋了
3639080	3641080	然后这是第五大风险
3641080	3643080	第六大风险就是
3643080	3645080	远程数据控制的风险
3645080	3647080	任何使用远程内嵌的
3647080	3649080	远程通讯芯片
3649080	3651080	或者通讯设备的
3651080	3653080	使用中国服务器
3653080	3655080	和云端设备的
3655080	3657080	都会进行这方面的这个
3657080	3659080	就是美国搞你
3659080	3661080	这个里边受影响
3661080	3663080	最大的就是那个
3663080	3665080	摄像头公司
3665080	3667080	叫
3667080	3669080	海康威视
3669080	3671080	好了
3671080	3673080	那么第二
3673080	3675080	技术脱钩下
3675080	3677080	使用中国技术授权
3677080	3679080	在美国摄像的
3679080	3681080	法律障碍
3681080	3683080	就是你技术脱钩下
3683080	3685080	我们使用中国技术
3685080	3687080	在美国摄像行不行
3687080	3689080	我不用大扎切了
3689080	3691080	我不洗了我真的在这摄像行不行
3691080	3693080	好了我们告诉你
3693080	3694080	结论啊
3694080	3696080	第一条
3696080	3698080	出口管制与实体清单的
3698080	3700080	联动风险
3700080	3702080	如果中国的技术提供方
3702080	3704080	被列入
3704080	3706080	BIS
3706080	3708080	BIS
3708080	3710080	Antity List
3710080	3712080	BIS是什么
3712080	3714080	BIS是美国商务部
3714080	3716080	下面的工业安全局
3718080	3720080	你不知道吧美国商务部
3720080	3722080	下面的国家安全局的
3722080	3724080	商务部的工业安全
3724080	3726080	工业与安全局的这个
3726080	3728080	实体清单
3728080	3730080	就是所谓的制裁黑名单
3732080	3734080	BIS制裁黑名单
3734080	3736080	如果中国的技术提供方
3736080	3738080	设计链在里面
3738080	3740080	比如说华为
3740080	3742080	比如说中芯国际
3742080	3744080	都在里面
3744080	3746080	那么任何象棋提供
3746080	3748080	美国原产技术
3748080	3750080	软件 设备
3750080	3752080	这次许可
3752080	3754080	多数情况会拒绝
3754080	3756080	会推定拒绝
3756080	3758080	不给你许可
3758080	3760080	美国政府通过
3760080	3762080	扩大外国直接产品规则
3762080	3764080	FDPR
3764080	3766080	将使用美国工具制造的
3766080	3768080	海外半导体
3768080	3770080	芯片设备
3770080	3772080	也纳入对
3772080	3774080	华为和中芯国际的管制范围
3774080	3776080	就甭管你是不是在中国生产呢
3776080	3778080	你在全世界各地生产的
3778080	3780080	都受美国管
3780080	3782080	这么霸道吗
3782080	3784080	对
3784080	3786080	因为使用美国工具
3786080	3788080	里面有个螺丝刀是美国造的
3788080	3790080	他都可以管
3790080	3792080	也就是说他就不讲理了
3792080	3794080	你在韩国在日本造
3794080	3796080	他也管
3796080	3798080	如果在美国工厂
3798080	3800080	使用受出口管制技术
3800080	3802080	比如
3802080	3804080	高级的电池制造设备
3804080	3806080	AI控制设备
3806080	3808080	受权或技术合作关系
3808080	3810080	则
3810080	3812080	可能会被认定为
3812080	3814080	协助FEOC
3814080	3816080	绕过出口管制的黑名单
3816080	3818080	你就是这个
3818080	3820080	这个是很麻烦的
3820080	3822080	这个就犯罪了
3822080	3824080	要搞你了
3824080	3826080	因为你就是
3826080	3828080	所谓的洗澡嘛
3828080	3830080	那么这个就是
3830080	3832080	我们的联动风险
3832080	3834080	要去除
3834080	3836080	但是就是
3836080	3838080	美国的外国投资委员会
3838080	3840080	我们就简称他为
3840080	3842080	外国投资委吧
3842080	3844080	外国投资委员会
3844080	3846080	对
3846080	3848080	中资技术授权
3848080	3850080	与数据存取的
3850080	3852080	监管
3852080	3854080	大家知道很多情况下
3854080	3856080	中国企业
3856080	3858080	为了绕开
3858080	3860080	大家卸洗澡方式
3860080	3862080	选择在美国直接
3862080	3864080	工厂
3864080	3866080	采取白手套和代理人制度
3866080	3868080	找一个美国公司
3868080	3870080	找一个白人
3870080	3872080	成立
3872080	3874080	然后我的中国公司跟他做技术合作
3874080	3876080	这就行了
3876080	3878080	你管不着我了
3878080	3880080	没有股权关系甚至
3880080	3882080	没有股权关系
3882080	3884080	那么他也在这给你堵了这个门
3884080	3886080	CFIUS就管这个
3886080	3888080	外国投资委
3888080	3890080	传统上
3890080	3892080	比如说美国的农地
3892080	3894080	美国的大量的土地
3894080	3896080	他关注这个的
3896080	3898080	最近
3898080	3900080	把新能源放到里面
3900080	3902080	新能源电池也算
3902080	3904080	美国商务部的
3904080	3906080	所谓外国投资委关注的
3906080	3908080	国家安全项目
3908080	3910080	国会和地方政府
3910080	3912080	我刚才说的省市
3912080	3914080	国会和地方政府
3914080	3916080	越来越频繁的
3916080	3918080	主动的要求
3918080	3920080	合作和IP授权
3920080	3922080	加
3922080	3924080	本地社场的模式
3924080	3926080	纳入国安审查范围
3926080	3928080	特别关注工厂
3928080	3930080	靠近军事设施
3930080	3932080	或关键基础设施的情况
3932080	3934080	即使
3934080	3936080	CFIUS
3936080	3938080	外国投资委
3938080	3940080	判定不属于
3940080	3942080	不属于敏感
3942080	3944080	不属于绕开洗澡
3944080	3946080	给了你准生证
3946080	3948080	国会
3948080	3950080	和地方的议会
3950080	3952080	仍然可以透过
3952080	3954080	后续的立法
3954080	3956080	或NDAA
3956080	3958080	就是国防部的
3958080	3960080	国防授权法案
3960080	3962080	进行后续的限制
3962080	3964080	或要求重新审查
3964080	3966080	我说的每一句话
3966080	3968080	都是有案例的
3968080	3970080	已经发生了
3970080	3972080	国宣高科就敢这事了
3972080	3974080	已经批了
3974080	3976080	主动找人去
3976080	3978080	你能不能来审查我一下
3978080	3980080	神经病 让我主动审查
3980080	3982080	都行 没问题
3982080	3984080	批了 不行 当地议会不敢
3984080	3986080	国会议员不敢
3986080	3988080	说你们是不是受贿了
3988080	3990080	你们是不是拿共产党钱了
3990080	3992080	你们说没事就没事
3992080	3994080	我操完了 到现在
3994080	3996080	三年了 没头产
3996080	3998080	钱都花了 花了
3998080	4000080	好了 第三条
4000080	4002080	NDAA
4002080	4004080	国防授权法
4004080	4006080	对于技术来源
4006080	4008080	与FEOC控制的敏感度
4008080	4010080	越来越高
4010080	4012080	在福特和宁德时代的合作案例中
4012080	4014080	大家知道福特看到特斯拉
4014080	4016080	看到
4016080	4018080	马斯克的那个
4018080	4020080	特斯拉的那个皮卡之后非常紧张
4020080	4022080	于是福特公司
4022080	4024080	因为福特是一个美国传统的车企
4024080	4026080	非常强悍
4026080	4028080	所以福特觉得不能
4028080	4030080	最代币于是福特
4030080	4032080	有史以来
4032080	4034080	福特最大的一次新投资案
4034080	4036080	有史以来
4036080	4038080	福特可以说是御火冲胜案
4038080	4040080	就是跟中国的宁德时代
4040080	4042080	战略合资
4042080	4044080	生产电动福特皮卡
4044080	4046080	直接对抗
4046080	4048080	比亚迪
4048080	4050080	直接对抗特斯拉
4050080	4052080	然后呢
4052080	4054080	然后就掉到这个坑里了
4054080	4056080	就掉到这个坑里了
4056080	4058080	福特不比你牛逼
4058080	4060080	福特这个案怎么回事
4060080	4062080	堵死了
4062080	4064080	极面
4064080	4066080	表面上福特
4066080	4068080	采取了全美资企业
4068080	4070080	福特权资的比亚迪
4070080	4072080	没有在这里面
4072080	4074080	股权呀什么都没有
4074080	4076080	普特权资
4076080	4078080	只是中国比亚迪提供了技术授权
4080080	4082080	比亚迪没有成股东
4082080	4084080	即使是这种模式
4084080	4086080	仍引起了
4086080	4088080	美国国会的强烈反抗
4090080	4092080	要求确定这个模式
4092080	4094080	是否违反了FUC
4094080	4096080	或绕过I2A的
4096080	4098080	立法本源
4098080	4100080	就是说
4100080	4102080	你要分析领导的意图
4102080	4104080	他们要绕过这个东西
4104080	4106080	虽然你绕过成功了
4106080	4108080	但是你没有办法绕过我的意图
4108080	4110080	所以
4110080	4112080	2024年到2026年
4112080	4114080	打了三年官司
4114080	4116080	和走向表示
4116080	4118080	美方不止关心股权
4118080	4120080	更关注
4120080	4122080	谁提供技术和谁实际控制的技术
4122080	4124080	技术源头
4124080	4126080	谁掌握着运营企业的
4126080	4128080	实际的数据管理权
4130080	4132080	谁提供关键设备和材料
4132080	4134080	毫无疑问
4134080	4136080	福特并不具备电池能力
4136080	4138080	是宁德时代
4138080	4140080	我刚才是不是说比亚迪了
4140080	4142080	宁德时代提供
4142080	4144080	所以我刚才说福特是
4144080	4146080	比亚迪全部说错了
4146080	4148080	比亚是宁德时代
4148080	4150080	如果中国
4150080	4152080	授权方
4152080	4154080	就是宁德时代
4154080	4156080	通过合约合统
4156080	4158080	取得高度的
4158080	4160080	技术监管权力
4160080	4162080	和数据监管权力
4162080	4164080	美国政府视为
4164080	4166080	实际控制
4166080	4168080	也就是说
4168080	4170080	美国政府和美国国会
4170080	4172080	全资的新公司
4172080	4174080	由宁德时代实际控制
4174080	4176080	完
4176080	4178080	福特在打官司没用
4178080	4180080	你觉得你强还是福特强
4180080	4182080	所以股权这个招
4182080	4184080	也绕不开了
4184080	4186080	福特可不是白手套
4186080	4188080	福特可是黑手套
4188080	4190080	福特真的有企业
4190080	4192080	第二
4192080	4194080	技术授权模式
4194080	4196080	实物障碍
4196080	4198080	练结
4198080	4200080	什么意思呢
4200080	4202080	就是
4202080	4204080	公司由美国人来
4204080	4206080	我给他一个技术授权
4206080	4208080	这个有什么障碍呢
4208080	4210080	你的合同设计中必须避免让
4210080	4212080	中资技术方
4212080	4214080	具有实质控制权
4214080	4216080	或者长期独家锁定
4216080	4218080	技术提供方的这个协议资料
4218080	4220080	需要评估
4220080	4222080	授权技术是否
4222080	4224080	涉及美国或者美国的
4224080	4226080	盟国出口管制技术
4226080	4228080	必须预留
4228080	4230080	政策变动条款
4230080	4232080	你的合同必须预留
4232080	4234080	政策变动条款
4234080	4236080	允许一旦发生
4236080	4238080	IRA或NDA
4238080	4240080	出口管制技术进一步强化
4240080	4242080	进一步增加黑名单的时候
4242080	4244080	立刻终止这个技术合作
4244080	4246080	和调整技术
4246080	4248080	合作方式的权利
4248080	4250080	对美国方面进行
4250080	4252080	单方向的
4252080	4254080	优待
4254080	4256080	南京条约
4256080	4258080	你提供技术
4258080	4260080	你它不能有任何权利
4260080	4262080	只要美国这边政策变了
4262080	4264080	你随时要放弃你的一切权利
4264080	4266080	那才可以
4266080	4268080	那你没法干了
4268080	4270080	就是不让你干
4270080	4272080	第三部分
4272080	4274080	反制与失败案例的深度分析
4274080	4276080	那么在第一部分
4276080	4278080	我们可以在科技领域
4278080	4280080	找到关键的案例
4280080	4282080	华为 海康威视
4282080	4284080	中芯国际
4284080	4286080	华为呢
4286080	4288080	就调到了商务部
4288080	4290080	和商务部工业安全局的
4290080	4292080	这个陷阱里面
4292080	4294080	这就不用说了
4294080	4296080	大家都知道
4296080	4298080	华为全世界都知道
4298080	4300080	现在完蛋了
4300080	4302080	被各种各样的
4302080	4304080	2020年开始就各种制裁
4304080	4306080	海康威视
4306080	4308080	是从2022年
4308080	4310080	调了FCC
4310080	4312080	联邦通讯委员会
4312080	4314080	FCC的黑名单
4314080	4316080	把它放进去了
4316080	4318080	海康威视所有的设备都不行
4318080	4320080	新设备禁止在美国安装使用
4320080	4322080	为什么
4322080	4324080	就是因为你数据传回中国
4324080	4326080	好了
4326080	4328080	中芯国际
4328080	4330080	中芯国际和所有的
4330080	4332080	中芯国际的附属企业
4332080	4334080	下属企业 关联企业
4334080	4336080	全部列入黑名单
4336080	4338080	2024年开始
4338080	4340080	那么这些企业
4340080	4342080	似乎与新能源无关
4342080	4344080	因为它对2024年之前的
4344080	4346080	是芯片AI战争时代
4346080	4348080	那么新能源 未来是能源战争
4348080	4350080	能源战争时代是什么
4350080	4352080	什么案例呢 就是福特
4352080	4354080	和宁德时代的案例
4354080	4356080	以及国宣高科的案例
4356080	4358080	福特宁德时代
4358080	4360080	合作模式
4360080	4362080	第一条 福特在美国
4362080	4364080	投资建厂
4364080	4366080	全资建厂
4366080	4368080	林酸铁礼电池技术
4368080	4370080	和关键设备
4370080	4372080	进行支持
4372080	4374080	股权上
4374080	4376080	由福特全资持国
4376080	4378080	以符合I2A的要求
4378080	4380080	并且避免外国投资委的干预
4380080	4382080	那么
4382080	4384080	他们遇到的问题是什么呢
4384080	4386080	设计得这么完美 遇到了什么问题呢
4386080	4388080	多名美国
4388080	4390080	联邦议员 就是国家议员
4390080	4392080	要求财政部
4392080	4394080	能源部 运输部
4394080	4396080	和外国投资委
4396080	4398080	审查案例
4398080	4400080	该案
4400080	4402080	至于其实质上是让
4402080	4404080	中国政府间接分享了
4404080	4406080	美国I2A的巨额财政补贴
4406080	4408080	35个亿
4408080	4410080	美金
4410080	4412080	参议员卢比奥
4412080	4414080	大家知道卢比奥是谁了吧
4414080	4416080	官不晓
4416080	4418080	卢比奥提出
4418080	4420080	专门为这个福特项目提出
4420080	4422080	Revoke Act
4422080	4424080	就是在剥夺
4424080	4426080	耻夺
4426080	4428080	要求禁止向使用
4428080	4430080	FEOC技术的电池项目
4430080	4432080	提供任何税收优惠
4432080	4434080	已经提供的 要给你弄回来
4434080	4436080	叫Revoke
4436080	4438080	实际影响是什么呢
4438080	4440080	实际影响是福特
4440080	4442080	一度宣布停止
4442080	4444080	35亿美元的
4444080	4446080	密歇根电池厂的投资项目
4446080	4448080	就是
4448080	4450080	干不下去了
4450080	4452080	到2026年
4452080	4454080	福特开始调整策略
4454080	4456080	将部分原计化
4456080	4458080	EV电池
4458080	4460080	电动车的电池产生
4460080	4462080	产能
4462080	4464080	转换为储能项目
4464080	4466080	ESS
4466080	4468080	从EV变成ESS
4468080	4470080	从动力电池
4470080	4472080	我干脆变成储能中心算了
4472080	4474080	因为储能
4474080	4476080	它的优先级
4476080	4478080	低于汽车
4478080	4480080	能放往一马
4480080	4482080	并宣称将确保符合
4482080	4484080	FEOC的各项准则
4484080	4486080	但是
4486080	4488080	这事就过去了吗
4488080	4490080	不是
4490080	4492080	但是美国国会和它的竞争对手
4492080	4494080	比如说通用
4494080	4496080	GM
4496080	4498080	仍在国会发动批判
4498080	4500080	要求再次进行审查
4500080	4502080	也就是说你把你这个电池厂
4502080	4504080	改成储能中心
4504080	4506080	也不行
4506080	4508080	所以
4508080	4510080	它给我们的启示
4510080	4512080	给我们的提醒就是
4512080	4514080	即使采取表面上美资
4514080	4516080	实际上中国技术支援这样的架构
4516080	4518080	只要技术提供方
4518080	4520080	是中国的龙头行业企业
4520080	4522080	并且涉及高敏感的产业
4522080	4524080	比如说新能源
4524080	4526080	理电池就是高敏感的产业
4526080	4528080	就会被政治
4528080	4530080	对手视为
4530080	4532080	试图绕道
4532080	4534080	领取美国巨额财政补贴
4534080	4536080	很难避免国会和未来
4536080	4538080	立法的追溯追查
4540080	4542080	说老王那我们
4542080	4544080	不拿补贴不就得了吗
4544080	4546080	不行 你再说傻话
4546080	4548080	就是美生产
4548080	4550080	一个计瓦的储能中心
4550080	4552080	我刚才说的这三个法律
4552080	4554080	下边美国可以给你
4554080	4556080	4500万美元的
4556080	4558080	财政现金
4558080	4560080	支持
4560080	4562080	就是RA那边和联邦和周
4562080	4564080	现
4564080	4566080	4500万美元的
4566080	4568080	大家知道一计瓦的储能中心
4568080	4570080	花不了4500万美元
4570080	4572080	当然
4572080	4574080	如果是Made in China
4574080	4576080	所以这个事是可以干的
4576080	4578080	而且是有利可图的
4578080	4580080	当年是回本 甚至两三年回本
4580080	4582080	但如果你不拿美国的
4582080	4584080	4500万的财政支持
4584080	4586080	全靠自己
4586080	4588080	杭大利你是干不到的
4588080	4590080	你是做不到的
4590080	4592080	比如说你离我的军事中心
4592080	4594080	美国军事基地太多了
4594080	4596080	你随便看一看你离我军事基地太近了
4596080	4598080	你不能干了
4598080	4600080	你污染我的水源了
4600080	4602080	不行了
4602080	4604080	总之他会设法
4604080	4606080	把你不通过美国
4606080	4608080	你自己中资在这儿独自让你关门
4608080	4610080	你干不下去的
4610080	4612080	我去帝王谷
4612080	4614080	礼矿那么大的设备
4614080	4616080	从中资过来全顶着呢
4616080	4618080	就是那个时候还没有
4618080	4620080	那是十年以前投资的
4620080	4622080	给你干停了
4622080	4624080	给你干停了现在
4624080	4626080	就是几个议员就给你干停了
4626080	4628080	就说你污染了
4628080	4630080	我的天呐
4630080	4632080	在帝王谷污染什么呀
4632080	4634080	帝王谷就像火星一样
4634080	4636080	在那儿污染什么
4636080	4638080	没人什么都污染了
4638080	4640080	所以
4640080	4642080	那么
4642080	4646080	国宣高科密歇根项目
4646080	4648080	他的背景我给大家讲一讲
4648080	4650080	中国的电池公司龙头国宣高科
4650080	4652080	想在美国密歇根生产
4652080	4654080	投资建厂
4654080	4656080	他们也想吃美国这块蛋糕来
4656080	4658080	那么
4658080	4660080	地方政府
4660080	4662080	密歇根当地的政府
4662080	4664080	非常高兴
4664080	4666080	因为当地穷了要命
4666080	4668080	所以国宣高科来在这生产理电职
4668080	4670080	地方政府提供大量的奖励
4670080	4672080	白给地
4672080	4674080	给钱给政策
4674080	4676080	当地的居民不干了
4676080	4678080	你不要忘了
4678080	4680080	美国是有红脖子的那是反共的
4680080	4682080	反到底的
4682080	4684080	所以当地的居民直接写信给
4684080	4686080	国会议员
4686080	4688080	这是民主国家国会议员立马反弹
4688080	4690080	那么国宣高科
4690080	4692080	采取的应对策略是什么呢
4692080	4694080	国宣高科这不涉及国防
4694080	4696080	他就是民用的
4696080	4698080	国宣高科主动申请
4698080	4700080	美国外国投资委检查
4700080	4702080	外国投资委认为我不需要检查你
4702080	4704080	请你来检查我
4704080	4706080	于是外国投资委进行了严肃的检查
4706080	4708080	认为这次国宣高科的投资
4708080	4710080	不属于
4710080	4712080	违反国防生产法案
4712080	4714080	定义的黑名单
4714080	4716080	因此没有阻止给了他
4716080	4718080	批文
4718080	4720080	也就是说他拿到了批文
4720080	4722080	但是还是没能干成
4722080	4724080	为什么呢
4724080	4726080	因为当地的居民依然给
4726080	4728080	国会议员写信
4728080	4730080	国会议员要求追诉性负查
4730080	4732080	每次负查都要6个月
4732080	4734080	哥们儿咱们是去那生产
4734080	4736080	投资去了
4736080	4738080	赚钱去了
4738080	4740080	不是去那浪去了
4740080	4742080	不是去那对对脸去了
4742080	4744080	所以现在国宣高科在明西根
4744080	4746080	就进入了唐伯虎
4746080	4748080	和对传长的状态了
4748080	4750080	所以就是他
4750080	4752080	提供证明我没事
4752080	4754080	再让你追查
4754080	4756080	所以包括工厂
4756080	4758080	距离国民警卫队
4758080	4760080	基地过近都被列入
4760080	4762080	理由
4762080	4764080	国民警卫队不是
4764080	4766080	军队 国民警卫队
4766080	4768080	跟中国来说就是武警
4768080	4770080	哎呀
4770080	4772080	你们这也就是给你找麻烦
4772080	4774080	所以政治后果是
4774080	4776080	即便联邦
4776080	4778080	批准了
4778080	4780080	给了批文了没有禁止你
4780080	4782080	地方政府非常愿意推进
4782080	4784080	但是
4784080	4786080	还是让你的
4786080	4788080	仪在放缓
4788080	4790080	成本无限提高
4790080	4792080	国宣高科在明西根掉到
4792080	4794080	缸里了
4794080	4796080	给我们的提示是什么呢
4796080	4798080	只依赖
4798080	4800080	美国
4800080	4802080	外国投资委的批文
4802080	4804080	并不代表拿到联邦
4804080	4806080	批文并不代表你没有风险
4806080	4808080	你的中资背景
4808080	4810080	和你在美国
4810080	4812080	红脖子区设立工厂本身
4812080	4814080	你仍然会成为
4814080	4816080	当地居民的眼中钉肉中刺
4816080	4818080	你一定要有跟
4818080	4820080	当地极好的政商关系
4820080	4822080	你不要以为
4822080	4824080	美国没有地头蛇
4824080	4826080	地头蛇就不让你干
4826080	4828080	你
4828080	4830080	实在没有国民警卫队
4830080	4832080	他会找乌龟来
4832080	4834080	你这儿有乌龟
4834080	4836080	乌龟就决肿了
4836080	4838080	所以你总之
4838080	4840080	不是乌龟
4840080	4842080	就是鸟
4842080	4844080	一万个理由不让你干
4844080	4846080	所以没有鸟蛋
4846080	4848080	玉米田
4848080	4850080	牛奶牛养殖场
4850080	4852080	畜生养殖场
4852080	4854080	总之就是可以让你
4854080	4856080	一万个理由让你停下来
4856080	4858080	因为这是民主社会
4858080	4860080	所以民主社会你跟皇室那样的
4860080	4862080	家族搞好关系
4862080	4864080	你才能在这生产
4864080	4866080	懂了
4866080	4868080	不是说你拿了个联邦政府批文
4868080	4870080	你就屌了
4870080	4872080	是政府
4872080	4874080	都给我批文了
4874080	4876080	谁敢管我
4876080	4878080	村头老王说不行
4878080	4880080	你还就干不下去了
4880080	4882080	为啥
4882080	4884080	美国是一个
4884080	4886080	有封建
4886080	4888080	大户的
4888080	4890080	有封建
4890080	4892080	释迦的
4892080	4894080	这个地方村头的老王
4894080	4896080	他们家祖孙三代
4896080	4898080	在美国国会当议员
4898080	4900080	给你写一封信
4900080	4902080	你看看县长尿不尿
4902080	4904080	那国宣高科就掉这个
4904080	4906080	这就是十打十的
4906080	4908080	教训
4908080	4910080	那么
4910080	4912080	港口技术设施
4912080	4914080	我们在拿这个案例
4914080	4916080	就是振华港基
4916080	4918080	大家知道上海有个老牌的
4918080	4920080	全世界的港口设备
4920080	4922080	自卸车辆 龙门调
4922080	4924080	都是他家的叫振华港基
4924080	4926080	真是牛逼
4926080	4928080	没有人装卸船
4928080	4930080	全部都是无人设备
4930080	4932080	控制 特别牛逼
4932080	4934080	牛逼就出事了 为什么
4934080	4936080	你有AI
4936080	4938080	你有数据 你有云存储
4938080	4940080	所以美国国会在
4940080	4942080	2024年的
4942080	4944080	飞行调查的时候忽然发现
4944080	4946080	美国的港口
4946080	4948080	已经在运行的美国港口
4948080	4950080	所有的中国 上海 振华港基
4950080	4952080	集装箱的起众机
4952080	4954080	集装箱的设备里面
4954080	4956080	包装有位在合同
4956080	4958080	与技术文件中揭露的
4958080	4960080	披露的
4960080	4962080	网络通讯组件
4962080	4964080	就是5G通讯组件
4964080	4966080	这些通讯组件
4966080	4968080	理论上可以让制造商
4968080	4970080	上海 振华港基
4970080	4972080	远程实时控制
4972080	4974080	进行诊断
4974080	4976080	设备维修和系统升级
4976080	4978080	他是干这个用的
4978080	4980080	但是
4980080	4982080	那么技术
4982080	4984080	港口技术人员表示
4984080	4986080	这些通讯模块在
4986080	4988080	实际设备运用中
4988080	4990080	经常会进行远程
4990080	4992080	诊断和汇诊 这样省了
4992080	4994080	人力物力了
4994080	4996080	并非是合同的一部分
4996080	4998080	但是双方
4998080	5000080	并没有在合同中规定
5000080	5002080	这一方的义务 但双方在使用中
5002080	5004080	都认为这个玩意挺管用的
5004080	5006080	但是就出了事了
5006080	5008080	出了什么事呢
5008080	5010080	美国海岸防卫队
5010080	5012080	2024年专门发布了
5012080	5014080	针对振华港基这套
5014080	5016080	网络安全警示
5016080	5018080	设备的报告
5018080	5020080	查货
5020080	5022080	用查货
5022080	5024080	这些启动机和控制软件
5024080	5026080	在预存远端
5026080	5028080	存取与数据更新机制的过程中
5028080	5030080	可以被中国
5030080	5032080	黑客用来进行
5032080	5034080	间谍活动
5034080	5036080	破坏港口运作
5036080	5038080	这话也没错
5038080	5040080	能够升级 能远程控制
5040080	5042080	它就能远程让你关上
5042080	5044080	让你不工作
5044080	5046080	或者坏了
5046080	5048080	第二呢
5048080	5050080	启动机
5050080	5052080	搭配的远程
5052080	5054080	系统维护和监控服务
5054080	5056080	在设计上
5056080	5058080	预留了多处
5058080	5060080	能够从外部服务器
5060080	5062080	直接黑入控制系统的机制
5062080	5064080	如果外部服务器
5064080	5066080	位于中国
5066080	5068080	会形成在美国的关键
5068080	5070080	基础设施 就是港口
5070080	5072080	运行中国控制的软件
5072080	5074080	加外部连线
5074080	5076080	通过网络直接控制的这样的
5076080	5078080	一个风险
5078080	5080080	提交国会
5080080	5082080	进行调查玩毒子了
5082080	5084080	国会调查
5084080	5086080	振华港基的云端
5086080	5088080	遥控
5088080	5090080	调数如下
5090080	5092080	这是国会报告
5092080	5094080	振华港基被指
5094080	5096080	港口从业者 就是港口的
5096080	5098080	这些业主们
5098080	5100080	给他施加压力
5100080	5102080	是施加压力 振华港基给他们施加压力
5102080	5104080	迫使这些美国的
5104080	5106080	港口的这些老板
5106080	5108080	允许振华港基取得
5108080	5110080	取众机系统的远端存取
5110080	5112080	数据控制权
5112080	5114080	以便提供所谓的
5114080	5116080	硬件
5116080	5118080	固定资产
5118080	5120080	保修服务
5120080	5122080	监控 升级
5122080	5124080	这些通讯模组
5124080	5126080	模块可以
5126080	5128080	将起众机操作数据
5128080	5130080	回传到中国服务器
5130080	5132080	包括
5132080	5134080	货柜的流量
5134080	5136080	货柜的重量
5136080	5138080	装卸的记录
5138080	5140080	设备的状态
5140080	5142080	充当远端的
5142080	5144080	维护通道
5144080	5146080	使外部技术人员
5146080	5148080	在未实地到达港口的情况下
5148080	5150080	变更或更新
5150080	5152080	关闭这些设备
5152080	5154080	虽然海岸警卫队在抽查时
5154080	5156080	没有发现恶意程序
5156080	5158080	或者恶意行为
5158080	5160080	但海岸警卫队和国会认为
5160080	5162080	存在这样的漏洞
5162080	5164080	即外国的这些
5164080	5166080	所谓的 其实就是中国
5166080	5168080	愿意的话
5168080	5170080	就可以给你破坏
5170080	5172080	所以政策回顾就是
5172080	5174080	2024年白宫发布行政命令
5174080	5176080	要求全面强化
5176080	5178080	美国港口的网络安全
5178080	5180080	授权美国海岸防卫队
5180080	5182080	对中国设备
5182080	5184080	所有的软件
5184080	5186080	硬件
5186080	5188080	进行强制性的
5188080	5190080	检查和整改
5190080	5192080	包括关闭
5192080	5194080	未经海岸警卫队授权的
5194080	5196080	远程数据控制系统
5198080	5200080	国会报告已经建议
5200080	5202080	振华港基
5202080	5204080	将这个公司纳入更严格的
5204080	5206080	供应链安全框架体系
5206080	5208080	可能通过专门法律
5214080	5216080	时间到了
5216080	5218080	可以通过专门法律
5218080	5220080	把这个远程关闭
5220080	5222080	指定时间内
5222080	5224080	移到美国或者关闭
5224080	5226080	这是一个典型的
5226080	5228080	硬件在美国
5228080	5230080	控制软件的权力在中国
5230080	5232080	具备远程
5232080	5234080	云端控制
5234080	5236080	回传能力的
5236080	5238080	红色供应链
5238080	5240080	风险案例
5240080	5242080	现在美国港口
5242080	5244080	成本大幅度增加
5244080	5246080	就是因为这个
5246080	5248080	不光是硬件
5248080	5250080	不光是股权
5250080	5252080	不光是技术
5252080	5254080	包括非硬件的
5254080	5256080	虚拟的IT类的
5256080	5258080	数据传输
5258080	5260080	也被列入美国国家安全
5260080	5262080	打击范围
5262080	5264080	我们举10个
5264080	5266080	大疆无人机
5266080	5268080	大疆也一样
5268080	5270080	大疆无人机被列入
5270080	5272080	美国的NDAA中的
5272080	5274080	黑名单
5274080	5276080	也就是说
5276080	5278080	任何与联邦军事有关的项目
5278080	5280080	都要停止采购
5280080	5282080	中国产的无人机
5282080	5284080	以大疆为主
5284080	5286080	所有的中国产的无人机
5286080	5288080	都不可以在美国的国防
5288080	5290080	采购清单中出现
5290080	5292080	那么还有一个
5292080	5294080	案例就是电动车
5294080	5296080	那么在关税基础上
5296080	5298080	从中国进口的电动车
5298080	5300080	李丽子动力电池
5300080	5302080	关键矿物
5302080	5304080	加收格外的关税
5304080	5306080	那么
5306080	5308080	这就不用说了
5308080	5310080	电动车一辆都没有
5310080	5312080	大家就知道卖不进来
5312080	5314080	你就是为什么卖不进来
5314080	5316080	你就是不让你干嘛
5316080	5318080	你去干了就折腾死你
5318080	5320080	说是不是现在欧洲跟中国好
5320080	5322080	我们可以走欧洲的不行
5322080	5324080	2024年
5324080	5326080	欧盟对中国进口的电动车
5326080	5328080	启动反捕贴调查
5328080	5330080	2024年7月起
5330080	5332080	加征8%-35%的
5332080	5334080	暂时性反捕贴关税
5334080	5336080	2024年10月将其升级为
5336080	5338080	永久的正式反捕贴关税
5338080	5340080	有效期5年
5340080	5342080	中国的EV
5342080	5344080	就是电动车供应链
5344080	5346080	在美欧两地同时
5346080	5348080	专属于政策压力
5348080	5350080	显示红色供应链
5350080	5352080	被视为跨大西洋
5352080	5354080	共同安全于产业政策的议题
5354080	5356080	也就是说
5356080	5358080	让我们提起警示的时候
5358080	5360080	就是不要把鸡蛋放在
5360080	5362080	欧洲和美国分裂的篮子里
5362080	5364080	他们现在是在打
5364080	5366080	但是搞不好他们是一家人
5366080	5368080	搞不好哪天他们又都合起来了
5368080	5370080	所以这个事要
5370080	5372080	要做通盘的考虑
5372080	5374080	因为大兴的投资一定要做通盘的考虑
5374080	5376080	大财
5376080	5378080	老王玩跳弹远程控制期
5378080	5380080	好吧
5380080	5382080	都给他
5382080	5384080	搞笑的前几天
5384080	5386080	美国特勤局的视频广告里
5386080	5388080	还出现了大江湖人机
5388080	5390080	美国也是个草台班
5390080	5392080	那么
5392080	5394080	川普的2.017是什么政策呢
5394080	5396080	新一轮的关税购价
5396080	5398080	正在实施
5398080	5400080	所以全球范围10%
5400080	5402080	对中国大幅提升
5402080	5404080	叠加再叠加
5404080	5406080	计划逐步上调145%
5406080	5408080	目前部分产品已经到了
5408080	5410080	50%以上
5410080	5412080	取消中国和香港的小包裹
5412080	5414080	免税待遇
5414080	5416080	对理电池中中国供应链的
5416080	5418080	部分
5418080	5420080	虽然关税还是
5420080	5422080	产品税责
5422080	5424080	这个按产品税责
5424080	5426080	争税的
5426080	5428080	但
5428080	5430080	非专门针对的中国电池
5430080	5432080	大多数是来自于
5432080	5434080	中国的电池材料
5434080	5436080	那么将同时针对301关税
5436080	5438080	全球10%加
5438080	5440080	惩罚性关税的
5440080	5442080	三重叠加关税风险
5442080	5444080	那么在对等关税和
5444080	5446080	iAR
5446080	5448080	UFLPA和NDAA
5448080	5450080	三项法律基础的多项
5450080	5452080	多维度笼罩下
5452080	5454080	任何继续依赖
5454080	5456080	中国供应链的美国本土电池
5456080	5458080	或相关设备生产厂商
5458080	5460080	都会在
5460080	5462080	未来的五年被边缘化
5462080	5464080	彻底边缘化
5464080	5466080	所以在美国建立企业
5466080	5468080	好了我们赶紧加速了
5468080	5470080	在美国建立理电池
5470080	5472080	类的生产企业
5472080	5474080	该怎么去做呢
5474080	5476080	该怎么去做呢
5476080	5478080	是不是就不能做了呢
5478080	5480080	不是
5480080	5482080	首先通过供应链来源
5482080	5484080	溯源文件系统
5484080	5486080	技术合作
5486080	5488080	六个方面
5488080	5490080	进行预设
5490080	5492080	你才能做这件事情
5492080	5494080	那么供应链来源
5494080	5496080	优先布局来自于
5496080	5498080	北美
5498080	5500080	欧洲 韩国和日本 台湾
5500080	5502080	澳洲的非
5502080	5504080	黑名单中的
5504080	5506080	理 理言
5506080	5508080	石墨电信设备
5508080	5510080	对中国的来源
5510080	5512080	采取三年逐步退出的策略
5512080	5514080	第一年可以有中国的
5514080	5516080	溯源文件
5516080	5518080	要建立系统
5518080	5520080	在企业
5520080	5522080	进行投资的同时
5522080	5524080	要从
5524080	5526080	矿山到野链厂
5526080	5528080	到电信
5528080	5530080	建立完善的COC
5530080	5532080	就是
5532080	5534080	从链路
5534080	5536080	到
5536080	5538080	保管 运输
5538080	5540080	COC 数据收集系统
5540080	5542080	时时的
5542080	5544080	监督
5544080	5546080	边境管理局的审查
5546080	5548080	那么技术合作加购是什么
5548080	5550080	如果采用了中方的技术
5550080	5552080	应该避免股权
5552080	5554080	缠户
5554080	5556080	不要有中国股权
5556080	5558080	不要有中国股权
5558080	5560080	也不要有中国的所谓的技术
5560080	5562080	独家控制权
5562080	5564080	确保技术提供方
5564080	5566080	不具实体运营
5566080	5568080	与技术控制权
5568080	5570080	那怎么办呢
5570080	5572080	上有政策下有对策
5572080	5574080	你想
5574080	5576080	咱们这个是合理合法的
5576080	5578080	比如我是加拿大人
5578080	5580080	比如说
5580080	5582080	美国的这些台湾朋友们
5582080	5584080	他们都是美国人
5584080	5586080	大陆朋友们
5586080	5588080	我们是完全可以当
5588080	5590080	大股东的
5590080	5592080	我们当大股东
5592080	5594080	你就给我们当个马仔
5594080	5596080	就行了
5596080	5598080	然后我们
5598080	5600080	约束我们之间的权力
5600080	5602080	和义务就行了
5602080	5604080	这也只能这么干
5604080	5606080	只能这么干
5606080	5608080	那老王 我觉得
5608080	5610080	红门天地会的事约不太可靠
5610080	5612080	那你就别来了
5612080	5614080	美国这个蛋糕你吃不了了
5614080	5616080	那么
5616080	5618080	技术合作结构
5618080	5620080	当然这是三年
5620080	5622080	三年之后那是真的
5622080	5624080	摆脱供应链
5624080	5626080	三年我也把你们全家
5626080	5628080	EB5了
5628080	5630080	因为这个项目可以带
5630080	5632080	20个EB5半年就批
5632080	5634080	全家都过来了
5634080	5636080	你们会过来20家
5638080	5640080	三年以后
5640080	5642080	你们就变成美国绿卡了
5642080	5644080	美国人了
5644080	5646080	把你们把这个企业还给你们
5646080	5648080	就行了
5648080	5650080	这个客户
5650080	5652080	如果目标客户
5652080	5654080	包含国防部
5654080	5656080	先保证你所有的东西都是过关的
5656080	5658080	你的上游材料
5658080	5660080	那些表格都得有
5660080	5662080	因为电网是国家安全
5662080	5664080	那么关税
5664080	5666080	你要尽量将价值链
5666080	5668080	在美国境内完成
5668080	5670080	以规避中国出口的高关税
5670080	5672080	那么ITOT网络架构
5672080	5674080	就是什么意思
5674080	5676080	就是不要在你的生产企业里
5676080	5678080	设置任何云端向中国传输
5678080	5680080	这种所谓的未知来源的
5680080	5682080	5G通讯模块
5682080	5684080	除能柜里都有
5684080	5686080	远程控制
5686080	5688080	删掉
5688080	5690080	到了美国再装
5690080	5692080	再重新在美国本地装
5692080	5694080	那么
5694080	5696080	我跳过去不说了
5696080	5698080	时间不够了
5698080	5700080	那么我给大家提供
5700080	5702080	一个巨镇
5702080	5704080	所有的老板都可以把自己的东西
5704080	5706080	放到巨镇里
5706080	5708080	巨镇的评估的横坐标是
5708080	5710080	低风险中风险高风险和极高风险
5710080	5712080	不干了
5712080	5714080	中风险低风险可以干
5714080	5716080	这是横坐标
5716080	5718080	关键技术设施相关性
5718080	5720080	数据敏感度
5720080	5722080	中国供应链依存度和
5722080	5724080	云端远程控制度
5724080	5726080	这是众作标四项
5726080	5728080	那么低风险和高风险
5728080	5730080	这个表格我的报告里有
5730080	5732080	我在这就不念了
5732080	5734080	那么中国的供应链依存度
5734080	5736080	只要小于10%
5736080	5738080	就是低风险或极低风险
5738080	5740080	中国没有连接
5740080	5742080	远程控制的
5742080	5744080	就是无风险低风险
5744080	5746080	那么产品因为
5746080	5748080	这涉及到电网或者国防
5748080	5750080	所以它自然就是一个极高风险
5750080	5752080	所以你综合打分
5752080	5754080	你要把自己放到一个中风险
5754080	5756080	低风险中去
5756080	5758080	你才能启动这个项目
5758080	5760080	否则的话你这个项目一定会在
5760080	5762080	某个地方被卡住的
5762080	5764080	那么四个
5764080	5766080	我刚才说的是横坐标
5766080	5768080	也就是说16个格
5768080	5770080	16个格里面出现了4个极高风险
5770080	5772080	你这个项目别干了
5772080	5774080	出现了3个高风险
5774080	5776080	高度可能会遭遇
5776080	5778080	弯独子
5778080	5780080	比如说比亚迪和宁德时代的状态
5780080	5782080	那么两个高风险
5782080	5784080	那你还可以
5784080	5786080	可以推进
5786080	5788080	如果一个以下的高风险
5788080	5790080	你这个项目是相对安全的
5790080	5792080	这是一个很科学的
5792080	5794080	评估很客观的评估体系
5794080	5796080	必须客观评估
5796080	5798080	别人的脑子一热
5798080	5800080	就他们来了
5800080	5802080	结论是什么呢
5802080	5804080	结论是美国的六大部委
5804080	5806080	哪个六大部委呢
5806080	5808080	外国投资委
5808080	5810080	商务部公安委
5810080	5812080	工业安全委
5812080	5814080	国防授权委
5814080	5816080	通讯FCC
5816080	5818080	联邦通讯委
5818080	5820080	六大部委
5820080	5822080	还有
5822080	5824080	美国边境安全局
5824080	5826080	海关总署
5826080	5828080	六大部委
5828080	5830080	三大法系
5830080	5832080	法系就是IRA的免税法系
5832080	5834080	UFLPA的
5834080	5836080	维吾尔强制劳动法系
5836080	5838080	和NDA的国防法系
5838080	5840080	三大法系
5840080	5842080	六大部委
5842080	5844080	综合管理
5844080	5846080	这形成了一个矩阵
5846080	5848080	所以你不要惦着自己
5848080	5850080	能绕过去
5850080	5852080	好好老老实实的按照我们这个
5852080	5854080	评估表格进行投资
5854080	5856080	策算才行
5856080	5858080	那么执法力度在不断升级
5858080	5860080	二零二五到二零二六年
5860080	5862080	已经进入强制执法阶段了
5862080	5864080	所以政治风险是长期化的
5864080	5866080	而且是跨大西洋化的
5866080	5868080	所以他从
5868080	5870080	韩国和日本那边能调出来
5870080	5872080	你说你用的是韩国电信
5872080	5874080	其实你不是
5874080	5876080	他把他从韩国那边能调出来
5876080	5878080	韩国老跟美国什么配合的
5878080	5880080	跨太平洋跨大西洋
5880080	5882080	都别垫着洗澡
5882080	5884080	洗不了
5884080	5886080	那么立即上我们现在的行动建议
5886080	5888080	或者说我们现在的结论是什么呢
5888080	5890080	第一
5890080	5892080	供应链在我们实施投资之前
5892080	5894080	要首先完成
5894080	5896080	供应链禁止调查
5896080	5898080	无论你是储能中心
5898080	5900080	你还是家用储能电池
5900080	5902080	你还是
5902080	5904080	车用动力储能电池
5904080	5906080	无论你是石墨
5906080	5908080	还是礼矿
5908080	5910080	你都要提供全产业链的
5910080	5912080	FEOC调查
5912080	5914080	和反维吾尔强制劳动调查
5914080	5916080	你要让你的所有的供应链
5916080	5918080	给你提供这样的报告
5918080	5920080	建立
5920080	5922080	企业自己建立起来
5922080	5924080	完善的溯源文件系统
5924080	5926080	每一批货品
5926080	5928080	每一套材料都可以完善的溯源
5928080	5930080	在这里边我要提醒大家
5930080	5932080	里言是有
5932080	5934080	美国是有碳同位素
5934080	5936080	就是国家安全部
5936080	5938080	就是边境管理局的
5938080	5940080	实验室可以做
5940080	5942080	碳十四同位素
5942080	5944080	还是什么同位素
5944080	5946080	理同位素溯源追查的
5946080	5948080	也就是全世界的理
5948080	5950080	全世界地球上的理
5950080	5952080	它都有指纹
5952080	5954080	就是同位素
5954080	5956080	它的风度含量是不一样的
5956080	5958080	也就是从新疆弄出来的理
5958080	5960080	你给它包装成
5960080	5962080	比如说你给它包装成
5962080	5964080	从内蒙弄出来里不行
5964080	5966080	你绕不快
5966080	5968080	它一查就查出来
5968080	5970080	所以这个里言的溯源
5970080	5972080	是要有完整系统文件的
5972080	5974080	那么第二个就是技术合作结构
5974080	5976080	要重新设计
5976080	5978080	设计到中国的技术
5978080	5980080	当然是中国的技术
5980080	5982080	全部都是中国技术
5982080	5984080	那么需要你重新评估技术
5984080	5986080	合同的结构
5986080	5988080	确保没有实质性的控制权和
5988080	5990080	数据存取的问题
5990080	5992080	第三个
5992080	5994080	启示就是
5994080	5996080	对于来自中国的设备
5996080	5998080	一定要检查有没有
5998080	6000080	安装所谓的
6000080	6002080	5G通讯和
6002080	6004080	风波通讯的通讯模块
6004080	6006080	就是能自动上网的
6006080	6008080	通讯模块
6008080	6010080	那么第四呢
6010080	6012080	因为海岸警卫队会给你查出来的
6012080	6014080	多元化供应链布局
6014080	6016080	一定要在未来的3到5年
6016080	6018080	完成去中国化的彻底的路线图
6018080	6020080	逐步的提高在美国
6020080	6022080	本地的
6022080	6024080	产业链供应组队
6024080	6026080	也就是说
6026080	6028080	我之所以要分享给大家的话
6028080	6030080	因为我想投的是储能中心
6030080	6032080	那么我希望
6032080	6034080	跟大家合作的不光是
6034080	6036080	储能
6036080	6038080	还有石墨
6038080	6040080	还有林酸铁礼
6040080	6042080	还有碳酸礼
6042080	6044080	就是礼矿
6044080	6046080	所有的相关产业链的
6046080	6048080	我都不一定
6048080	6050080	挣钱就免费给你们
6050080	6052080	免费帮忙
6052080	6054080	给你们落地到美国来
6054080	6056080	因为只有在美国形成
6056080	6058080	自己本土的产业链
6058080	6060080	你才能真正的安全
6060080	6062080	完成3到5年的
6062080	6064080	完全去中国化的产业链路线图
6064080	6066080	这是最后的目标
6066080	6068080	那么第五条呢就是法律和
6068080	6070080	政策的监管
6070080	6072080	你要有专业的团队
6072080	6074080	跟踪和联络
6074080	6076080	DNA进出口
6076080	6078080	评估每个季度
6078080	6080080	每个年度的政策
6080080	6082080	未来的变化提前预判
6082080	6084080	那么第六个就是
6084080	6086080	有政策风险意识
6086080	6088080	要涉及到中资的话
6088080	6090080	你要跟联邦 州和县
6090080	6092080	还有那个
6092080	6094080	原外们都要保持
6094080	6096080	畅痛的关系
6096080	6098080	一定要有
6098080	6100080	极好的说英语能力的
6100080	6102080	这样的本地团队
6102080	6104080	一样的
6104080	6106080	否则的话你会遇到国宣高科的问题
6106080	6108080	那么就是
6108080	6110080	6条吧
6110080	6112080	参考文献
6112080	6114080	给大家看看
6114080	6116080	这都是非常
6116080	6118080	严谨的参考文献
6118080	6120080	给大家看
6128080	6130080	参考文献都是英语的
6130080	6132080	差不多都是政府的
6132080	6134080	或者地方政府的东西
6134080	6136080	中央政府或者地方政府的东西
6136080	6138080	或者农员部的
6138080	6140080	或者海关的
6140080	6142080	那么
6142080	6144080	好了 今天我们的MBA课就完了
6144080	6146080	太干了 可能给你们蹭出血了
6146080	6148080	所以需要这些文件的
6148080	6150080	如果你们是这个行业的
6150080	6152080	如果你们是这个行业的
6152080	6154080	跟我联系
6154080	6156080	这个行业跟我联系
6156080	6158080	我免费给你们
6158080	6160080	如果不是这个行业的
6160080	6162080	你可以买我这个文件
6162080	6164080	好 就这样
6164080	6166080	我对无人机有影响
6166080	6168080	第一次非丢了一个W
6168080	6170080	你的水平不打低
6170080	6172080	好了
6172080	6174080	二十亿美金还了
6174080	6176080	可是让有需求的人
6176080	6178080	直接跟老王联系不好
6178080	6180080	对 是
6182080	6184080	我想大多数教育
6184080	6186080	交友没兴趣听这些东西
6186080	6188080	你就
6188080	6190080	虽然你可能用不上
6190080	6192080	但是你虽然不懂
6192080	6194080	但是你听完这个东西之后
6194080	6196080	你能够理解什么
6196080	6198080	你一定能够理解美国的立法
6198080	6200080	美国政策的立法
6200080	6202080	法源
6202080	6204080	就是这个idea怎么来的
6204080	6206080	然后立法 然后实施
6206080	6208080	然后去追诉
6208080	6210080	这是一个非常重要的课程
6210080	6212080	你在中国发财了
6212080	6214080	或者挣的钱了
6214080	6216080	好多都是摸着石头过河过来的
6216080	6218080	那是
6218080	6220080	很特殊的情况
6220080	6222080	你在发达国家的话
6222080	6224080	你不能摸石头的
6224080	6226080	你要知道
6226080	6228080	知其所已然
6228080	6230080	你怎么能没有兴趣
6230080	6232080	你没有兴趣
6232080	6234080	你参加百道会干嘛
6234080	6236080	百道会这地方是
6236080	6238080	与金钱有关的地方
6238080	6240080	谁撤回啊
6240080	6242080	讨厌
6242080	6244080	谢谢你啊
6244080	6246080	中国公司出海
6246080	6248080	落地全方案 没错
6248080	6250080	到美国落地全方案
6250080	6252080	你拿钱买不着的这东西
6252080	6254080	我折腾了
6254080	6256080	两年了
6256080	6258080	我一看
6258080	6260080	我一看明白了
6260080	6262080	有的话我也不告诉你们
6262080	6264080	因为这是犯法的
6264080	6266080	二呢就是一个人来不行
6266080	6268080	得他们来一堆人
6268080	6270080	至少得上上下下的
6270080	6272080	上上下下的三五家一块来
6272080	6274080	就舒服
6274080	6276080	而且一把都把大老美的钱
6276080	6278080	全都过来
6278080	6280080	我向你们保证啊
6280080	6282080	我能帮你把钱拿过来
6282080	6284080	就是你如果在这投资五千万
6284080	6286080	我能给你拿来六千万
6286080	6288080	美金现金马上立刻
6288080	6290080	为什么就是I21
6290080	6292080	你那个钱怎么现成了
6292080	6294080	只要咱们不犯法
6294080	6296080	咱们不撒谎
6296080	6298080	咱们不那个洗澡大招戏
6298080	6300080	咱们一块儿来
6300080	6302080	三年以后全为本
6302080	6304080	就是美国政府给你报销路费
6304080	6306080	你听明白了吗
6306080	6308080	美国政府什么都给你
6308080	6310080	问题就是一个来没有用
6310080	6312080	你这是一个产业链
6312080	6314080	从第一个到第五个全来
6314080	6316080	如果理电池
6316080	6318080	这个产业链差不多有四五家企业
6318080	6320080	都得过来
6320080	6322080	至少一个位置过来一个
6322080	6324080	到现在都没过来
6324080	6326080	这有点问题
6326080	6328080	赵总勾的
6328080	6330080	赵总想过来做礼矿
6330080	6332080	因为他在国内
6332080	6334080	他一直挖矿的
6334080	6336080	矿老板家里有矿
6336080	6338080	美股金又神经病暴跌了
6338080	6340080	被邦迪那个创可贴
6340080	6342080	给喊崩了
6342080	6344080	好嘞
6344080	6346080	老王的提前调研太牛逼了
6346080	6348080	那当然了
6348080	6350080	那开玩笑嘛
6350080	6352080	老王你以为是假光龙吗
6352080	6354080	咱拍一拍脑子
6354080	6356080	又败了
6356080	6358080	老王
6358080	6360080	我之前在淡水河谷上班后
6360080	6362080	发现后来福顿的淡水河谷
6362080	6364080	合作
6364080	6366080	我就听懂了
6366080	6368080	两边各种针对
6368080	6370080	那黄金就还会涨
6370080	6372080	当然你们现在就知道
6372080	6374080	为什么老王一定要唱多黄金了
6374080	6376080	只要习近平不死
6376080	6378080	哎呀这个他妈的
6378080	6380080	你看你听明白了吧
6380080	6382080	这可不是演戏
6382080	6384080	如果你们原来
6384080	6386080	通过的什么这个
6386080	6388080	YouTube 自媒体这些看到的
6388080	6390080	都是更多的一些娱乐
6390080	6392080	新闻
6392080	6394080	这是十打十的商战
6394080	6396080	那是往死里干的
6396080	6398080	真是往死里干
6398080	6400080	所以怎么可能和平啊
6400080	6402080	要打的
6402080	6404080	看明白了之后就知道
6404080	6406080	美国准备打仗是很认真的
6406080	6408080	只过美国现在不敢打
6408080	6410080	因为他现在东西都在中国那边了
6410080	6412080	改革开放啊
6412080	6414080	克林顿啊
6414080	6416080	大傻逼啊小不实
6416080	6418080	全给搬中国去了
6418080	6420080	以为以后就是能把大家合伙发大财
6420080	6422080	就没想到中国出了个习近平啊
6422080	6424080	中国出了个习近平啊
6424080	6426080	扛卖狼啊
6426080	6428080	不按规矩来
6428080	6430080	不按套路出牌
6430080	6432080	我才年轻人不讲武德
6432080	6434080	把老美弄过去的东西给遮进去了
6434080	6436080	哎呦我操老美是没办法了
6436080	6438080	现在老美
6438080	6440080	三到五年一点一点
6440080	6442080	已经搬了三年了吧
6442080	6444080	听我给你讲了吧
6444080	6446080	2022年正式开始搬的
6446080	6448080	还是周拜登开始搬的
6448080	6450080	乔拜登开始搬的
6450080	6452080	真正的这些落地的政策
6452080	6454080	都是周拜登开始搬的
6454080	6456080	但是川普也没有停
6456080	6458080	继续往这搬
6458080	6460080	因为卢彪啊
6460080	6462080	卢彪是深层政府
6462080	6464080	下一届如果有总统是卢彪
6464080	6466080	不会是万死的
6466080	6468080	你懂吧就是他是个传统的
6468080	6470080	卢彪
6470080	6472080	很厉害
6472080	6474080	这个人他会
6474080	6476080	把这个政策执行下去
6476080	6478080	大家知道卢彪是哪人吗
6478080	6480080	古巴人
6480080	6482080	那反共的
6482080	6484080	共产党的恶
6484080	6486080	他们太清楚了
6486080	6488080	所以美国会
6488080	6490080	从拜登政府
6490080	6492080	从第一任川普开始抬头
6492080	6494080	拜登政府落地
6494080	6496080	卢彪政府
6496080	6498080	哎呀12年
6498080	6500080	12年
6500080	6502080	那就是跨度啊
6502080	6504080	这个战争就已经
6504080	6506080	可以开始了
6510080	6512080	假果龙换法人了
6512080	6514080	估计快破产了
6514080	6516080	他是真应该破产
6516080	6518080	他是个傻逼
6518080	6520080	他这么大岁数了
6520080	6522080	他早就应该退休
6522080	6524080	或者到洛杉矶
6524080	6526080	喜欢水的
6526080	6528080	喜欢木的在温哥华
6528080	6530080	喜欢火喜欢土的去洛杉矶
6530080	6532080	就这么简单
6532080	6534080	你看人家他们潘石屹
6534080	6536080	你看人家他们的
6536080	6538080	陈天桥
6538080	6540080	哪个人他呀
6540080	6542080	他不干那个呢
6542080	6544080	那弄个破产
6544080	6546080	你说羞骚不羞骚
6546080	6548080	王姐我今天晚上就把
6548080	6550080	长老的申请有点给你写过来
6550080	6552080	我还用申请吗
6552080	6554080	只要你不是个
6554080	6556080	你只要不是一个那个
6556080	6558080	homelys啊不是那么惨的
6558080	6560080	你都行
6560080	6562080	李强照一德上来
6562080	6564080	经济不应该会好起来嘛
6564080	6566080	更加开放
6566080	6568080	估计真的要打了
6568080	6570080	i2a补贴政策
6570080	6572080	老王哥觉得稳定
6572080	6574080	我别像穆勒地见了三年政策变了
6574080	6576080	他不光是i2a
6576080	6578080	那大象鼻子当的
6578080	6580080	他不光是i2a
6580080	6582080	他的联邦
6582080	6584080	周
6584080	6586080	线都有钱
6586080	6588080	就是新能源全有钱
6588080	6590080	别周我不太清楚
6590080	6592080	家周可得着我这儿
6592080	6594080	钱太多了
6594080	6596080	i2a更多的是
6596080	6598080	一个税务上的这些优惠
6598080	6600080	我说的钱是
6600080	6602080	现金给你
6602080	6604080	你的ppt出来
6604080	6606080	你在家里附念你ppt出来
6606080	6608080	就这么有诚意
6608080	6610080	当然
6610080	6612080	美国的style
6612080	6614080	是中国的style
6614080	6616080	我想在中国干的style
6616080	6618080	哥们不是说当政策会主席
6618080	6620080	我就一定会带着枪去
6620080	6622080	你可以你ppt融资可以
6622080	6624080	三年以后我来查作业
6624080	6626080	我操你都没干
6626080	6628080	倾家当产
6628080	6630080	抓走
6630080	6632080	这个就是美国嘛
6632080	6634080	陈天晴现在也开始搞
6634080	6636080	他一直弄那个什么长生不老
6636080	6638080	什么意识转移
6640080	6642080	他在L.A
6642080	6644080	哥特朗普
6644080	6648080	为什么强制安装汽车自
6648080	6650080	为什么取消强制安装汽车自动
6650080	6652080	启停系统
6652080	6654080	我不知道
6654080	6656080	这事儿是不是
6656080	6658080	强制安装汽车自动
6658080	6660080	启停系统
6660080	6662080	那能杀人吧那玩
6662080	6664080	远程的话
6664080	6666080	我建议你
6666080	6668080	参加pdac大会
6668080	6670080	是最大的矿业大会王姐
6670080	6672080	可以啊
6672080	6674080	因为我这不是还没有付出的吗
6674080	6676080	你要付出的话
6676080	6678080	这些汇就都得去了
6678080	6680080	比如说IT类的
6680080	6682080	矿业类的
6682080	6684080	能源类的
6684080	6686080	这都有世界各地的这种大会
6686080	6688080	我都不去
6688080	6690080	我上次去pdac
6690080	6692080	被当成投资人了
6692080	6694080	有人给我说
6694080	6696080	他发现了一个理矿
6696080	6698080	还有一个人给我写信
6698080	6700080	说他
6700080	6702080	他有一种特别牛逼的理矿
6702080	6704080	理言的提取办法
6704080	6706080	技术
6706080	6708080	我也不知道是骗子还是真的
6708080	6710080	如果是真的的话
6710080	6712080	那你就是我亲爹
6712080	6714080	那我这么高低我得把你
6714080	6716080	你偷渡我也给你弄到美国来
6716080	6718080	在理矿
6718080	6720080	中国那种理言矿太丰富了
6720080	6722080	他们就是不会弄
6722080	6724080	美国人不会弄
6724080	6726080	因为他不敢污染
6726080	6728080	他不像中国可以打个深井
6728080	6730080	往里边排脏水
6730080	6732080	这不行
6732080	6734080	你这没污染
6734080	6736080	你这有高技术
6736080	6738080	那太牛逼了
6738080	6740080	裁判文术网
6740080	6742080	21年开始不再上传文术了
6742080	6744080	怕大家查
6744080	6746080	小伙伴的信你是不是看不过来了
6746080	6748080	look at me
6748080	6750080	机密王
6750080	6752080	不是看不过来
6752080	6754080	是我他们不太敬业现在
6754080	6756080	好我接受你们的批评
6756080	6758080	我每天至少工作四个小时以后
6758080	6760080	好吧
6760080	6762080	一堆老人在国外拿着两边的推修金
6762080	6764080	踩国外捧中国
6764080	6766080	没办法
6766080	6768080	自动启停系统关于环保的
6768080	6770080	就是一个圈的箭头
6770080	6772080	中间一个A
6772080	6774080	等红里登就
6774080	6776080	死机那玩意
6776080	6778080	烦死了
6778080	6780080	踩一脚煞车
6780080	6782080	发动机吸火了
6782080	6784080	一会红灯一面
6784080	6786080	还得给两脚油
6786080	6788080	哪个傻逼发明的
6788080	6790080	80元人民币
6790080	6792080	一架玩具无人机
6792080	6794080	这是不是很惊人的价格
6794080	6796080	关键不是价格
6796080	6798080	关键是产业链
6798080	6800080	听明白了吗
6800080	6802080	鲁卡斯
6802080	6804080	文筹
6804080	6806080	一切一切
6806080	6808080	产业链
6808080	6810080	产业链
6810080	6812080	不是一个企业过来
6812080	6814080	是一圈企业过来
6814080	6816080	过来就都给你钱
6816080	6818080	王叔把给钱的东西
6818080	6820080	全堂平了
6820080	6822080	我说的都不是我的钱
6822080	6824080	我说的是美国政府的钱
6824080	6826080	我告诉你
6826080	6828080	就是一个一级瓦的储存中心
6828080	6830080	自己拿个计算器
6830080	6832080	你们干击个毛能弄
6832080	6834080	4500万美金
6834080	6836080	真从日本韩国买去了
6836080	6838080	你们这帮没得先拆的
6838080	6840080	见货
6840080	6842080	一千五百万美金都花不完
6842080	6844080	哥们能给你拿回来
6844080	6846080	4500万美金
6846080	6848080	但是我为什么不自己干
6848080	6850080	因为你只有一个不行
6850080	6852080	你只有一个储存货贵
6852080	6854080	是不行的
6854080	6856080	什么卷轴机
6856080	6858080	你都得弄过来
6858080	6860080	你都得弄过来
6860080	6862080	他们那些也给钱
6862080	6864080	给的更多
6864080	6866080	我忘了
6866080	6868080	就是如果到贪酸礼盒
6868080	6870080	到林村铁礼盒
6870080	6872080	石墨级别的话
6872080	6874080	单一项目的
6874080	6876080	政府补贴
6876080	6878080	差不多就是
6878080	6880080	十亿美元这个级别
6880080	6882080	十亿美元
6882080	6884080	太香了
6884080	6886080	好了
6886080	6888080	人工智能
6888080	6890080	巨深智能行业
6890080	6892080	美国政府欢迎
6892080	6894080	我现在发现问题了
6894080	6896080	就是这帮傻逼
6896080	6898080	中国这些高科技
6898080	6900080	制造业的
6900080	6902080	英语都不好
6902080	6904080	你英语不好
6904080	6906080	完了他就往新加坡找
6906080	6908080	你去新加坡有个弹用
6908080	6910080	你以为你去新加坡
6910080	6912080	美国人就不认为你是中国人了吗
6912080	6914080	怎么讲的
6914080	6916080	你从哪来
6916080	6918080	新加坡也是一样的
6918080	6920080	新加坡不行的
6920080	6922080	你就来加州吧
6922080	6924080	来加州来Texas
6924080	6926080	我给你当带路党
6926080	6928080	我可以
6928080	6930080	我英语还可以
6930080	6932080	而且不是我本人
6932080	6934080	我是有个庞大的团队的
6934080	6936080	意大利人
6936080	6938080	英国男人
6938080	6940080	德意的
6940080	6942080	美国本来就大融入
6942080	6944080	好嘞
6944080	6946080	新加坡还不如想
6946080	6948080	没错
6948080	6950080	我昨天视频会
6950080	6952080	一个国内的理电池的老板
6952080	6954080	他说我们要去新加坡
6954080	6956080	我心想你去新加坡干净不毛去
6956080	6958080	你还不如在中国待着呢
6958080	6960080	他浙江呢
6960080	6962080	你在中国浙江待着就得了
6962080	6964080	你以为你跑新加坡
6964080	6966080	你就虎住美国人了
6966080	6968080	你看不见我
6968080	6970080	你问美国签证还没有
6970080	6972080	你有美国签证吗
6972080	6974080	没有
6974080	6976080	佩服
6976080	6978080	你就这玩儿
6978080	6980080	他想来吃美国的新同学
6980080	6982080	你一点准备都没有
6982080	6984080	你这东西就不行
6984080	6986080	不能处的
6986080	6988080	你就像老王一样
6988080	6990080	想干的话
6990080	6992080	直接找我
6992080	6994080	我给你拉到川普家
6994080	6996080	你信吗
6996080	6998080	好了
6998080	7000080	拜拜
7000080	7002080	教授刚刚写信想送一些小礼物
7002080	7004080	好啊
7004080	7006080	王哥
7006080	7008080	26-28你再问个话
7008080	7010080	我在
7010080	7012080	套不设备
7012080	7014080	美国销售头
7014080	7016080	是我兄弟
7016080	7018080	你兄弟
7018080	7020080	反正你这些东西销售也好
7020080	7022080	都来找我吧
7022080	7024080	我现在有点骑虎男瞎了
7024080	7026080	折腾了两年了
7026080	7028080	现在全都明白了
7028080	7030080	反而毁雾
7030080	7032080	这不是我一个人的事
7032080	7034080	这怎么是我在捣毁一个国家
7034080	7036080	我在掏空一个国家
7036080	7038080	我得掏空啊
7038080	7040080	干嘛大家
7040080	7042080	弟兄们干嘛
7042080	7044080	我在
7044080	7046080	好了拜拜
7046080	7048080	再见
7048080	7050080	拜拜
7050080	7052080	王哥请问您德州修斯顿如何
7052080	7054080	修斯顿一般
7054080	7056080	老城市不咋地
7056080	7058080	不如达拉斯和
7058080	7060080	达拉斯最好
7060080	7062080	奥斯汀也好
7062080	7064080	达拉斯和奥斯汀可好
7064080	7066080	你喜欢
7066080	7068080	保守
7068080	7070080	你喜欢
7070080	7072080	共和党你就去
7072080	7074080	达拉斯
7074080	7076080	你喜欢民主党你就去奥斯汀
7076080	7078080	拜拜
7078080	7080080	再见
7080080	7082080	再见
